$NAA200R, Daily
Day       Date       Open       High        Low      Close      Volume
=== ========== ========== ========== ========== ========== ===========
Mon 07-21-2025     43.903     44.672     43.280     43.593           0
Fri 07-18-2025     44.384     44.470     42.792     42.935           0
Thu 07-17-2025     42.087     44.055     42.087     43.427           0
Wed 07-16-2025     41.664     41.892     39.755     41.693           0
Tue 07-15-2025     43.310     43.367     40.752     40.781           0
Mon 07-14-2025     42.291     43.041     42.291     42.984           0
Fri 07-11-2025     43.554     43.554     42.291     42.462           0
Thu 07-10-2025     43.623     44.863     43.338     44.495           0
Wed 07-09-2025     43.090     43.595     42.376     43.595           0
Tue 07-08-2025     41.669     43.139     41.498     42.519           0
Mon 07-07-2025     41.571     42.131     40.337     40.955           0
Thu 07-03-2025     41.298     42.584     41.298     42.200           0
Wed 07-02-2025     39.412     41.047     39.041     40.897           0
Tue 07-01-2025     36.379     40.348     36.236     39.046           0
Mon 06-30-2025     36.693     37.108     36.187     36.880           0
Fri 06-27-2025     36.693     37.304     35.254     36.366           0
Thu 06-26-2025     34.810     36.444     34.639     36.444           0
Wed 06-25-2025     35.614     35.614     34.269     34.467           0
Tue 06-24-2025     34.288     35.986     34.259     35.500           0
Mon 06-23-2025     31.748     33.028     31.003     33.028           0
Fri 06-20-2025     33.553     33.581     31.930     32.474           0
Wed 06-18-2025     32.273     33.849     32.273     32.818           0
Tue 06-17-2025     33.257     33.868     32.244     32.301           0
Mon 06-16-2025     33.582     34.470     33.095     33.744           0
Fri 06-13-2025     33.678     34.022     32.015     32.264           0
Thu 06-12-2025     35.382     36.186     35.037     35.944           0
Wed 06-11-2025     37.496     37.841     36.215     36.387           0
Tue 06-10-2025     36.160     37.960     35.959     37.385           0
Mon 06-09-2025     35.683     36.361     35.338     35.872           0
Fri 06-06-2025     33.755     34.733     33.727     34.541           0
Thu 06-05-2025     33.007     33.410     31.884     32.172           0
Wed 06-04-2025     33.151     33.381     32.652     32.681           0
Tue 06-03-2025     31.423     33.199     31.221     32.768           0
Mon 06-02-2025     31.403     31.700     30.173     31.392           0
Fri 05-30-2025     31.624     32.297     30.942     31.491           0
Thu 05-29-2025     32.393     32.402     31.653     32.268           0
Wed 05-28-2025     32.469     32.556     31.671     31.732           0
Tue 05-27-2025     31.430     32.641     30.796     32.584           0
Fri 05-23-2025     28.790     30.349     28.790     29.974           0
Thu 05-22-2025     30.254     31.335     30.139     30.893           0
Wed 05-21-2025     33.035     33.093     30.363     30.507           0
Tue 05-20-2025     33.814     34.593     33.439     34.016           0
Mon 05-19-2025     32.623     34.092     32.450     34.092           0
Fri 05-16-2025     33.045     34.468     33.045     34.014           0
Thu 05-15-2025     32.324     33.113     31.670     33.084           0
Wed 05-14-2025     33.141     33.430     32.114     32.114           0
Tue 05-13-2025     33.208     33.804     32.688     33.516           0
Mon 05-12-2025     33.093     33.584     31.678     32.660           0
Fri 05-09-2025     28.749     29.125     28.155     28.155           0
Thu 05-08-2025     26.805     29.125     26.091     27.882           0
Wed 05-07-2025     26.127     26.430     24.812     25.332           0
Tue 05-06-2025     25.788     26.222     25.116     25.578           0
Mon 05-05-2025     26.605     27.923     26.597     26.597           0
Fri 05-02-2025     26.586     27.984     26.275     27.675           0
Thu 05-01-2025     24.428     25.515     24.080     24.761           0
Wed 04-30-2025     23.393     24.566     22.669     24.102           0
Tue 04-29-2025     24.268     25.138     23.688     24.558           0
Mon 04-28-2025     24.035     24.412     22.938     24.051           0
Fri 04-25-2025     23.461     23.599     22.990     23.541           0
Thu 04-24-2025     22.148     23.963     22.003     23.963           0
Wed 04-23-2025     22.358     23.461     21.474     21.822           0
Tue 04-22-2025     17.926     20.348     17.897     20.145           0
Mon 04-21-2025     18.361     18.449     16.701     17.136           0
Thu 04-17-2025     18.280     19.140     18.250     19.053           0
Wed 04-16-2025     18.139     18.634     17.379     18.134           0
Tue 04-15-2025     18.139     18.959     18.139     18.517           0
Mon 04-14-2025     17.384     18.139     16.725     17.936           0
Fri 04-11-2025     15.678     16.744     14.834     16.628           0
Thu 04-10-2025     16.924     16.924     13.999     15.416           0
Wed 04-09-2025     12.369     18.650     11.816     18.359           0
Tue 04-08-2025     16.832     17.298     12.340     12.951           0
Mon 04-07-2025     13.320     16.992     12.271     14.477           0
Fri 04-04-2025     18.706     18.706     15.331     16.059           0
Thu 04-03-2025     23.104     23.512     20.945     21.119           0
Wed 04-02-2025     25.452     28.084     25.452     27.617           0
Tue 04-01-2025     25.854     27.254     24.803     26.429           0
Mon 03-31-2025     25.935     26.920     24.766     26.219           0
Fri 03-28-2025     30.749     30.866     27.061     27.527           0
Thu 03-27-2025     31.525     31.992     30.417     31.117           0
Wed 03-26-2025     32.924     33.216     31.283     31.691           0
Tue 03-25-2025     33.070     33.479     32.506     32.593           0
Mon 03-24-2025     32.526     33.343     32.380     33.178           0
Fri 03-21-2025     30.522     31.544     30.347     31.223           0
Thu 03-20-2025     31.680     32.682     31.573     31.690           0
Wed 03-19-2025     30.884     33.061     30.825     32.420           0
Tue 03-18-2025     31.166     31.274     30.000     30.632           0
Mon 03-17-2025     30.274     32.332     30.187     31.866           0
Fri 03-14-2025     28.226     30.274     28.226     30.128           0
Thu 03-13-2025     29.371     29.429     26.537     26.828           0
Wed 03-12-2025     29.808     29.895     27.622     28.983           0
Tue 03-11-2025     28.526     29.516     27.010     28.176           0
Mon 03-10-2025     31.421     31.567     27.498     28.430           0
Fri 03-07-2025     32.333     33.062     30.178     32.595           0
Thu 03-06-2025     32.779     33.771     31.547     32.333           0
Wed 03-05-2025     33.499     34.783     32.477     34.141           0
Tue 03-04-2025     33.440     34.821     31.601     33.217           0
Mon 03-03-2025     38.387     38.738     34.424     34.629           0
Fri 02-28-2025     36.196     37.949     36.079     37.891           0
Thu 02-27-2025     38.873     38.960     36.751     36.810           0
Wed 02-26-2025     39.205     40.140     38.271     38.709           0
Tue 02-25-2025     39.772     39.977     38.165     38.902           0
Mon 02-24-2025     41.262     41.262     39.451     39.568           0
Fri 02-21-2025     44.464     44.464     40.900     40.900           0
Thu 02-20-2025     44.487     44.662     42.937     43.542           0
Wed 02-19-2025     44.896     44.896     44.256     44.461           0
Tue 02-18-2025     45.274     45.830     44.779     45.306           0
Fri 02-14-2025     44.936     45.492     44.630     44.776           0
Thu 02-13-2025     43.607     44.701     43.226     44.584           0
Wed 02-12-2025     42.488     43.620     42.488     42.974           0
Tue 02-11-2025     43.734     44.320     43.574     43.783           0
Mon 02-10-2025     44.347     44.539     43.700     44.333           0
Fri 02-07-2025     45.268     45.415     43.504     43.915           0
Thu 02-06-2025     46.118     46.118     44.461     45.238           0
Wed 02-05-2025     44.497     45.487     44.202     45.487           0
Tue 02-04-2025     42.567     44.039     42.567     43.774           0
Mon 02-03-2025     41.642     43.025     41.318     42.513           0
Fri 01-31-2025     45.053     45.877     43.761     44.026           0
Thu 01-30-2025     45.155     45.698     44.608     45.109           0
Wed 01-29-2025     44.900     45.047     43.459     44.667           0
Tue 01-28-2025     45.047     45.345     43.868     44.844           0
Mon 01-27-2025     44.749     46.165     44.428     44.959           0
Fri 01-24-2025     45.988     46.639     45.430     45.519           0
Thu 01-23-2025     44.881     46.136     44.631     46.136           0
Wed 01-22-2025     45.645     45.675     44.950     45.235           0
Tue 01-21-2025     45.202     45.793     44.730     45.645           0
Fri 01-17-2025     44.156     44.563     43.769     44.241           0
Thu 01-16-2025     42.937     43.388     42.258     43.211           0
Wed 01-15-2025     43.330     43.419     42.118     42.790           0
Tue 01-14-2025     41.029     41.295     39.817     40.644           0
Mon 01-13-2025     39.137     40.095     38.723     39.888           0
Fri 01-10-2025     41.625     41.654     39.320     40.142           0
Wed 01-08-2025     44.271     44.271     42.380     42.840           0
Tue 01-07-2025     46.897     47.400     44.271     44.920           0
Mon 01-06-2025     46.838     47.459     46.367     46.367           0
Fri 01-03-2025     44.385     46.158     43.588     46.099           0
Thu 01-02-2025     44.060     44.858     43.203     43.794           0
Tue 12-31-2024     43.432     43.935     42.485     43.199           0
Mon 12-30-2024     42.819     43.182     41.194     43.005           0
Fri 12-27-2024     43.972     44.504     42.473     43.532           0
Thu 12-26-2024     42.595     44.605     42.507     44.546           0
Tue 12-24-2024     41.822     43.229     41.378     43.068           0
Mon 12-23-2024     42.012     42.012     40.828     41.408           0
Fri 12-20-2024     39.953     42.582     39.864     41.923           0
Thu 12-19-2024     41.837     42.163     40.544     40.722           0
Wed 12-18-2024     45.323     45.718     40.741     40.830           0
Tue 12-17-2024     44.849     45.648     44.464     45.086           0
Mon 12-16-2024     45.543     46.136     45.040     45.323           0
Fri 12-13-2024     46.017     46.165     44.922     45.721           0
Thu 12-12-2024     47.127     47.305     45.985     46.341           0
Wed 12-11-2024     48.118     48.148     47.259     47.407           0
Tue 12-10-2024     47.970     48.030     47.111     47.289           0
Mon 12-09-2024     47.601     48.874     47.601     48.000           0
Fri 12-06-2024     46.507     47.186     46.505     47.008           0
Thu 12-05-2024     47.186     47.423     45.944     45.944           0
Wed 12-04-2024     47.064     47.450     46.712     47.127           0
Tue 12-03-2024     47.623     47.712     46.590     46.679           0
Mon 12-02-2024     47.878     48.099     47.403     47.831           0
Fri 11-29-2024     46.679     47.716     46.679     47.315           0
Wed 11-27-2024     46.056     46.738     45.759     46.293           0
Tue 11-26-2024     46.480     46.540     45.344     45.552           0
Mon 11-25-2024     45.692     47.089     45.692     46.480           0
Fri 11-22-2024     43.665     44.973     43.665     44.652           0
Thu 11-21-2024     42.777     43.681     42.360     43.443           0
Wed 11-20-2024     42.343     42.551     41.719     42.522           0
Tue 11-19-2024     41.595     42.284     41.089     42.284           0
Mon 11-18-2024     42.666     42.785     41.743     41.952           0
Fri 11-15-2024     44.544     44.544     42.266     42.386           0
Thu 11-14-2024     46.220     46.220     44.322     44.471           0
Wed 11-13-2024     47.646     47.974     45.996     46.085           0
Tue 11-12-2024     48.228     48.526     47.259     47.676           0
Mon 11-11-2024     48.927     49.255     48.539     48.912           0
Fri 11-08-2024     47.822     48.658     47.703     48.658           0
Thu 11-07-2024     48.806     49.343     48.166     48.315           0
Wed 11-06-2024     48.060     48.836     47.463     48.806           0
Tue 11-05-2024     43.134     45.197     43.045     45.197           0
Mon 11-04-2024     43.160     44.116     42.772     43.403           0
Fri 11-01-2024     43.472     44.129     42.725     43.322           0
Thu 10-31-2024     44.551     44.551     42.964     43.083           0
Wed 10-30-2024     44.955     46.299     44.955     45.254           0
Tue 10-29-2024     45.085     45.832     44.846     45.522           0
Mon 10-28-2024     44.810     46.306     44.810     46.115           0
Fri 10-25-2024     44.793     45.302     43.972     44.152           0
Thu 10-24-2024     44.318     44.678     43.640     43.939           0
Wed 10-23-2024     45.411     45.411     43.268     43.898           0
Tue 10-22-2024     45.468     45.635     44.898     45.395           0
Mon 10-21-2024     46.711     46.891     45.299     45.329           0
Fri 10-18-2024     46.445     46.685     46.172     46.486           0
Thu 10-17-2024     46.179     46.179     45.334     45.957           0
Wed 10-16-2024     45.169     46.377     45.078     46.256           0
Tue 10-15-2024     44.823     45.397     44.505     44.656           0
Mon 10-14-2024     44.592     45.153     44.169     44.914           0
Fri 10-11-2024     42.672     44.579     42.581     44.458           0
Thu 10-10-2024     42.183     42.728     41.609     42.728           0
Wed 10-09-2024     42.291     43.531     42.050     42.684           0
Tue 10-08-2024     42.957     43.108     42.473     42.473           0
Mon 10-07-2024     44.112     44.173     42.732     43.064           0
Fri 10-04-2024     43.733     44.535     43.220     44.535           0
Thu 10-03-2024     43.229     43.229     42.296     42.508           0
Wed 10-02-2024     42.982     43.863     42.982     43.565           0
Tue 10-01-2024     44.899     44.929     42.827     43.194           0
Mon 09-30-2024     44.983     46.044     44.263     45.141           0
Fri 09-27-2024     44.697     45.970     44.515     45.030           0
Thu 09-26-2024     43.953     44.273     43.286     44.061           0
Wed 09-25-2024     43.416     43.568     42.285     42.467           0
Tue 09-24-2024     43.577     43.750     42.879     43.568           0
Mon 09-23-2024     44.468     44.620     42.848     42.848           0
Fri 09-20-2024     44.822     44.914     43.456     44.228           0
Thu 09-19-2024     45.248     45.733     44.762     45.248           0
Wed 09-18-2024     43.811     45.344     43.009     43.009           0
Tue 09-17-2024     43.642     44.734     43.308     43.828           0
Mon 09-16-2024     43.447     43.659     42.666     42.883           0
Fri 09-13-2024     41.882     43.204     41.791     42.931           0
Thu 09-12-2024     40.444     41.446     40.170     41.069           0
Wed 09-11-2024     39.465     40.255     38.006     40.164           0
Tue 09-10-2024     39.714     39.951     38.436     39.860           0
Mon 09-09-2024     39.148     41.005     39.148     40.110           0
Fri 09-06-2024     41.266     41.570     38.277     39.056           0
Thu 09-05-2024     41.778     42.131     41.035     41.418           0
Wed 09-04-2024     41.266     42.514     41.236     41.796           0
Tue 09-03-2024     44.688     44.718     41.497     41.862           0
Fri 08-30-2024     45.289     45.623     44.590     45.349           0
Thu 08-29-2024     44.725     46.231     44.603     45.076           0
Wed 08-28-2024     45.236     45.449     43.609     43.974           0
Tue 08-27-2024     46.039     46.039     45.125     45.767           0
Mon 08-26-2024     46.862     46.923     46.161     46.510           0
Fri 08-23-2024     44.173     46.344     43.990     46.344           0
Thu 08-22-2024     44.872     44.933     43.411     43.441           0
Wed 08-21-2024     44.057     44.736     43.630     44.736           0
Tue 08-20-2024     44.322     44.506     42.914     43.433           0
Mon 08-19-2024     42.827     44.366     42.704     44.336           0
Fri 08-16-2024     42.112     42.997     41.959     42.460           0
Thu 08-15-2024     41.214     42.800     41.092     42.404           0
Wed 08-14-2024     40.494     40.586     38.969     39.701           0
Tue 08-13-2024     38.779     40.555     38.358     40.555           0
Mon 08-12-2024     38.809     38.840     37.801     37.954           0
Fri 08-09-2024     39.939     40.000     38.382     38.657           0
Thu 08-08-2024     37.919     39.988     37.584     39.988           0
Wed 08-07-2024     39.805     39.988     36.380     36.380           0
Tue 08-06-2024     37.435     39.568     37.192     37.953           0
Mon 08-05-2024     34.703     38.052     33.759     36.834           0
Fri 08-02-2024     43.326     43.448     42.049     42.318           0
Thu 08-01-2024     50.137     50.502     46.247     46.977           0
Wed 07-31-2024     50.228     52.023     49.802     50.441           0
Tue 07-30-2024     50.380     50.775     49.225     49.438           0
Mon 07-29-2024     51.185     51.763     49.529     49.924           0
Fri 07-26-2024     50.395     50.942     49.848     50.608           0
Thu 07-25-2024     49.178     51.171     48.965     49.590           0
Wed 07-24-2024     50.624     51.142     48.600     48.722           0
Tue 07-23-2024     50.350     51.339     50.106     50.943           0
Mon 07-22-2024     49.665     50.746     48.813     50.654           0
Fri 07-19-2024     49.848     49.848     48.478     49.118           0
Thu 07-18-2024     52.041     53.382     49.939     50.061           0
Wed 07-17-2024     53.138     53.992     52.179     52.514           0
Tue 07-16-2024     50.717     53.720     50.717     53.720           0
Mon 07-15-2024     49.359     50.564     49.054     50.198           0
Fri 07-12-2024     47.770     49.206     47.618     48.627           0
Thu 07-11-2024     44.383     47.023     44.109     46.931           0
Wed 07-10-2024     41.819     42.844     41.593     42.813           0
Tue 07-09-2024     41.056     41.710     40.354     41.374           0
Mon 07-08-2024     40.952     41.776     40.891     41.318           0
Fri 07-05-2024     40.403     40.708     39.487     40.128           0
Wed 07-03-2024     41.397     42.129     40.665     40.848           0
Tue 07-02-2024     40.998     41.570     40.754     41.114           0
Mon 07-01-2024     42.579     42.944     41.089     41.327           0
Fri 06-28-2024     41.745     42.505     41.015     42.323           0
Thu 06-27-2024     39.866     40.882     39.441     40.851           0
Wed 06-26-2024     38.249     39.556     38.006     39.495           0
Tue 06-25-2024     39.495     39.860     38.705     38.857           0
Mon 06-24-2024     39.696     41.277     39.544     39.738           0
Fri 06-21-2024     38.906     39.392     38.602     39.331           0
Thu 06-20-2024     38.906     39.605     38.602     38.602           0
Tue 06-18-2024     40.577     40.759     39.484     39.484           0
Mon 06-17-2024     39.885     40.710     39.035     40.710           0
Fri 06-14-2024     41.480     41.480     39.903     40.206           0
Thu 06-13-2024     43.356     43.416     41.341     42.220           0
Wed 06-12-2024     44.633     45.937     43.629     43.841           0
Tue 06-11-2024     40.994     41.922     40.437     41.679           0
Mon 06-10-2024     41.358     41.995     40.782     41.813           0
Fri 06-07-2024     43.005     43.581     41.965     42.207           0
Thu 06-06-2024     43.942     44.306     43.547     43.942           0
Wed 06-05-2024     43.699     44.306     42.727     44.215           0
Tue 06-04-2024     43.928     43.989     42.714     42.866           0
Mon 06-03-2024     45.419     45.479     43.780     44.657           0
Fri 05-31-2024     44.070     45.071     43.841     44.690           0
Thu 05-30-2024     43.178     44.495     42.935     43.524           0
Wed 05-29-2024     43.026     43.269     42.359     42.511           0
Tue 05-28-2024     45.923     46.166     44.451     44.724           0
Fri 05-24-2024     44.454     45.317     44.407     45.286           0
Thu 05-23-2024     47.212     47.242     43.727     44.121           0
Wed 05-22-2024     47.424     48.152     47.030     47.303           0
Tue 05-21-2024     47.848     48.061     47.212     47.454           0
Mon 05-20-2024     48.379     48.682     47.743     48.076           0
Fri 05-17-2024     49.031     49.031     47.941     47.941           0
Thu 05-16-2024     47.775     48.456     47.169     48.334           0
Wed 05-15-2024     47.850     47.850     46.850     47.548           0
Tue 05-14-2024     46.790     47.274     46.245     46.578           0
Mon 05-13-2024     46.259     47.107     45.380     45.380           0
Fri 05-10-2024     47.016     47.016     44.758     45.333           0
Thu 05-09-2024     45.289     46.228     45.017     46.198           0
Wed 05-08-2024     43.822     45.366     43.701     45.185           0
Tue 05-07-2024     45.141     45.928     44.899     44.899           0
Mon 05-06-2024     44.508     45.672     44.387     44.945           0
Fri 05-03-2024     44.720     45.174     43.402     43.583           0
Thu 05-02-2024     41.727     42.602     40.882     42.390           0
Wed 05-01-2024     39.505     42.434     39.505     40.894           0
Tue 04-30-2024     40.417     40.598     39.149     39.209           0
Mon 04-29-2024     40.821     41.546     40.417     40.809           0
Fri 04-26-2024     39.795     40.701     39.674     40.459           0
Thu 04-25-2024     39.668     40.133     38.552     39.861           0
Wed 04-24-2024     41.068     41.641     40.163     40.646           0
Tue 04-23-2024     39.427     41.780     39.397     41.116           0
Mon 04-22-2024     38.944     40.133     38.431     39.228           0
Fri 04-19-2024     37.157     38.605     37.157     38.605           0
Thu 04-18-2024     37.760     39.058     37.319     37.379           0
Wed 04-17-2024     39.241     39.723     37.583     37.583           0
Tue 04-16-2024     39.252     39.705     38.348     38.951           0
Mon 04-15-2024     42.267     42.569     39.554     39.946           0
Fri 04-12-2024     43.430     43.761     41.441     41.772           0
Thu 04-11-2024     43.795     44.381     43.042     44.110           0
Wed 04-10-2024     44.070     44.839     42.560     43.434           0
Tue 04-09-2024     47.218     47.744     46.358     46.869           0
Mon 04-08-2024     46.691     47.246     46.464     46.570           0
Fri 04-05-2024     46.075     46.901     45.818     46.540           0
Thu 04-04-2024     47.473     48.602     45.925     46.466           0
Wed 04-03-2024     46.121     46.843     45.851     46.420           0
Tue 04-02-2024     46.556     46.857     45.717     46.408           0
Mon 04-01-2024     49.158     49.158     47.593     47.714           0
Thu 03-28-2024     48.722     49.594     48.602     49.143           0
Wed 03-27-2024     46.212     48.481     46.212     48.421           0
Tue 03-26-2024     46.589     46.829     45.313     45.400           0
Mon 03-25-2024     46.348     46.829     45.507     45.507           0
Fri 03-22-2024     47.536     47.536     46.048     46.288           0
Thu 03-21-2024     47.626     48.288     47.386     47.476           0
Wed 03-20-2024     43.850     47.069     43.729     47.069           0
Tue 03-19-2024     43.307     44.782     43.247     44.210           0
Mon 03-18-2024     44.708     45.032     43.397     43.397           0
Fri 03-15-2024     44.198     45.097     44.198     44.648           0
Thu 03-14-2024     46.327     46.357     43.148     43.928           0
Wed 03-13-2024     46.567     47.676     46.417     46.447           0
Tue 03-12-2024     47.421     47.511     46.507     46.507           0
Mon 03-11-2024     48.290     48.530     47.241     47.241           0
Fri 03-08-2024     48.830     49.280     47.870     47.960           0
Thu 03-07-2024     47.735     48.350     47.495     47.930           0
Wed 03-06-2024     47.898     47.958     46.699     47.179           0
Tue 03-05-2024     47.372     48.183     46.547     46.667           0
Mon 03-04-2024     49.219     49.279     47.822     48.092           0
Fri 03-01-2024     47.957     48.904     47.175     48.393           0
Thu 02-29-2024     48.453     48.903     47.490     47.761           0
Wed 02-28-2024     47.493     48.153     47.101     47.101           0
Tue 02-27-2024     48.334     48.334     48.334     48.334           0
Mon 02-26-2024     46.368     47.419     46.339     47.179           0
Fri 02-23-2024     46.368     47.029     45.708     46.459           0
Thu 02-22-2024     46.415     46.775     45.845     46.399           0
Wed 02-21-2024     46.281     46.491     45.755     46.175           0
Tue 02-20-2024     48.066     48.156     46.761     46.881           0
Fri 02-16-2024     48.905     49.595     48.396     48.756           0
Thu 02-15-2024     47.721     49.325     47.255     49.295           0
Wed 02-14-2024     45.204     46.701     44.828     46.701           0
Tue 02-13-2024     45.566     46.046     43.178     43.598           0
Mon 02-12-2024     46.944     49.356     46.944     48.696           0
Fri 02-09-2024     45.037     46.928     44.828     46.645           0
Thu 02-08-2024     43.688     45.097     43.148     44.768           0
Wed 02-07-2024     44.514     44.724     43.225     43.748           0
Tue 02-06-2024     43.645     45.264     43.555     44.844           0
Mon 02-05-2024     45.068     45.068     43.495     43.855           0
Fri 02-02-2024     45.305     46.387     45.244     45.757           0
Thu 02-01-2024     46.581     46.941     44.391     46.655           0
Wed 01-31-2024     47.390     48.380     45.411     45.411           0
Tue 01-30-2024     48.486     48.606     47.511     47.631           0
Mon 01-29-2024     47.329     49.085     47.089     49.085           0
Fri 01-26-2024     47.523     47.883     47.209     47.329           0
Thu 01-25-2024     47.596     47.686     46.819     47.463           0
Wed 01-24-2024     48.106     48.316     46.815     46.965           0
Tue 01-23-2024     48.046     48.076     47.174     47.294           0
Mon 01-22-2024     45.902     47.414     45.902     47.204           0
Fri 01-19-2024     44.955     45.332     44.101     45.122           0
Thu 01-18-2024     45.252     45.252     43.557     44.758           0
Wed 01-17-2024     44.324     44.925     43.810     44.621           0
Tue 01-16-2024     46.066     46.697     45.405     45.646           0
Fri 01-12-2024     48.454     49.054     47.207     47.478           0
Thu 01-11-2024     48.305     48.635     46.955     47.733           0
Wed 01-10-2024     48.860     49.040     47.719     48.575           0
Tue 01-09-2024     48.244     49.070     48.034     48.559           0
Mon 01-08-2024     47.211     49.415     47.031     49.415           0
Fri 01-05-2024     47.122     48.410     46.912     46.941           0
Thu 01-04-2024     47.827     48.187     47.468     47.962           0
Wed 01-03-2024     49.191     49.191     47.108     47.498           0
Tue 01-02-2024     49.520     51.274     49.520     50.075           0
Fri 12-29-2023     50.749     51.348     50.015     50.390           0
Thu 12-28-2023     50.884     51.258     50.719     50.899           0
Wed 12-27-2023     50.644     51.154     50.225     50.854           0
Tue 12-26-2023     48.786     50.405     48.786     50.195           0
Fri 12-22-2023     47.468     48.667     47.468     48.501           0
Thu 12-21-2023     46.897     47.436     46.297     47.378           0
Wed 12-20-2023     47.002     48.200     45.231     45.261           0
Tue 12-19-2023     45.686     47.182     45.686     47.092           0
Mon 12-18-2023     45.144     45.504     44.454     44.694           0
Fri 12-15-2023     46.147     46.237     44.468     44.678           0
Thu 12-14-2023     44.814     46.147     44.814     45.577           0
Wed 12-13-2023     39.418     42.986     38.999     42.566           0
Tue 12-12-2023     38.999     39.658     38.549     39.029           0
Mon 12-11-2023     39.892     39.892     39.179     39.299           0
Fri 12-08-2023     39.024     40.491     38.994     39.742           0
Thu 12-07-2023     38.563     39.515     37.934     39.155           0
Wed 12-06-2023     39.132     39.910     38.293     38.323           0
Tue 12-05-2023     39.120     39.180     37.814     37.934           0
Mon 12-04-2023     37.425     39.449     37.425     39.389           0
Fri 12-01-2023     33.793     37.665     33.673     37.605           0
Thu 11-30-2023     33.653     33.912     33.203     33.912           0
Wed 11-29-2023     33.064     34.242     33.064     33.183           0
Tue 11-28-2023     32.085     32.385     31.426     32.055           0
Mon 11-27-2023     32.245     32.864     31.826     32.055           0
Fri 11-24-2023     31.688     32.685     31.448     32.685           0
Wed 11-22-2023     31.029     31.777     30.640     31.269           0
Tue 11-21-2023     31.469     31.588     30.272     30.272           0
Mon 11-20-2023     31.648     32.516     31.289     32.127           0
Fri 11-17-2023     30.661     31.338     30.452     31.218           0
Thu 11-16-2023     31.130     31.399     29.294     29.922           0
Wed 11-15-2023     31.011     32.984     31.011     31.519           0
Tue 11-14-2023     27.640     31.011     27.580     30.981           0
Mon 11-13-2023     24.469     25.322     23.864     25.112           0
Fri 11-10-2023     24.125     25.022     23.392     24.708           0
Thu 11-09-2023     25.719     25.719     23.466     23.765           0
Wed 11-08-2023     26.445     26.774     24.880     25.329           0
Tue 11-07-2023     25.951     26.842     25.442     26.363           0
Mon 11-06-2023     27.314     27.322     25.832     26.251           0
Fri 11-03-2023     25.824     27.741     25.734     27.112           0
Thu 11-02-2023     22.442     24.086     22.372     24.086           0
Wed 11-01-2023     20.856     21.334     20.347     21.125           0
Tue 10-31-2023     19.695     20.826     19.509     20.826           0
Mon 10-30-2023     19.150     19.760     18.713     19.341           0
Fri 10-27-2023     19.533     19.593     18.010     18.184           0
Thu 10-26-2023     19.521     20.270     19.203     19.622           0
Wed 10-25-2023     20.347     20.467     19.371     19.641           0
Tue 10-24-2023     20.845     21.444     20.515     21.012           0
Mon 10-23-2023     20.431     21.234     19.796     19.916           0
Fri 10-20-2023     22.332     22.452     21.001     21.270           0
Thu 10-19-2023     23.688     23.891     22.272     22.332           0
Wed 10-18-2023     25.667     25.667     23.778     23.778           0
Tue 10-17-2023     24.813     27.398     24.760     26.319           0
Mon 10-16-2023     24.648     25.832     24.423     25.022           0
Fri 10-13-2023     24.850     24.910     23.630     23.750           0
Thu 10-12-2023     26.138     26.287     24.551     24.551           0
Wed 10-11-2023     27.673     28.152     26.168     26.168           0
Tue 10-10-2023     26.581     28.122     26.581     27.374           0
Mon 10-09-2023     25.105     26.491     24.843     26.161           0
Fri 10-06-2023     24.753     26.589     24.198     26.019           0
Thu 10-05-2023     25.127     25.457     24.272     25.202           0
Wed 10-04-2023     24.858     25.187     23.928     25.127           0
Tue 10-03-2023     25.780     26.073     24.092     24.648           0
Mon 10-02-2023     27.796     28.066     25.983     26.343           0
Fri 09-29-2023     28.902     29.172     27.226     27.766           0
Thu 09-28-2023     27.559     28.421     26.899     28.121           0
Wed 09-27-2023     27.439     27.971     26.959     27.439           0
Tue 09-26-2023     27.830     28.460     26.659     26.689           0
Mon 09-25-2023     27.409     28.490     27.199     28.070           0
Fri 09-22-2023     28.992     29.142     28.233     28.323           0
Thu 09-21-2023     29.610     29.610     28.331     28.391           0
Wed 09-20-2023     31.721     32.592     30.751     30.781           0
Tue 09-19-2023     31.921     32.251     30.989     31.400           0
Mon 09-18-2023     32.963     32.963     32.011     32.221           0
Fri 09-15-2023     33.343     33.433     32.112     33.023           0
Thu 09-14-2023     32.312     33.614     32.312     33.403           0
Wed 09-13-2023     32.863     33.003     31.652     31.652           0
Tue 09-12-2023     32.682     33.433     32.682     32.803           0
Mon 09-11-2023     33.484     33.664     32.953     32.983           0
Fri 09-08-2023     33.183     33.243     32.522     32.732           0
Thu 09-07-2023     33.945     34.035     32.732     32.762           0
Wed 09-06-2023     35.609     35.819     34.155     34.606           0
Tue 09-05-2023     36.921     37.023     35.609     35.729           0
Fri 09-01-2023     37.143     38.154     37.083     37.553           0
Thu 08-31-2023     36.733     37.744     36.391     36.391           0
Wed 08-30-2023     36.714     37.605     36.282     37.064           0
Tue 08-29-2023     34.627     36.985     34.618     36.985           0
Mon 08-28-2023     34.405     35.398     34.405     34.917           0
Fri 08-25-2023     34.405     34.525     32.842     34.044           0
Thu 08-24-2023     35.407     35.528     33.844     34.085           0
Wed 08-23-2023     34.284     35.888     34.074     35.648           0
Tue 08-22-2023     34.944     35.215     34.044     34.134           0
Mon 08-21-2023     34.844     35.215     34.134     34.434           0
Fri 08-18-2023     32.883     35.185     32.883     34.944           0
Thu 08-17-2023     36.795     37.035     34.224     34.344           0
Wed 08-16-2023     38.295     38.776     36.445     36.566           0
Tue 08-15-2023     39.556     39.646     38.344     38.644           0
Mon 08-14-2023     40.786     40.936     39.886     40.456           0
Fri 08-11-2023     40.906     41.777     40.636     41.507           0
Thu 08-10-2023     41.452     42.934     41.164     41.344           0
Wed 08-09-2023     42.369     42.579     41.152     41.362           0
Tue 08-08-2023     41.829     42.429     40.690     42.159           0
Mon 08-07-2023     43.885     44.031     42.403     43.431           0
Fri 08-04-2023     44.245     44.994     43.435     43.435           0
Thu 08-03-2023     43.778     44.664     43.298     43.825           0
Wed 08-02-2023     45.011     45.250     44.201     44.771           0
Tue 08-01-2023     46.567     47.016     45.487     46.239           0
Mon 07-31-2023     46.491     47.976     46.491     47.856           0
Fri 07-28-2023     45.444     46.523     45.294     46.207           0
Thu 07-27-2023     46.703     46.853     43.602     44.141           0
Wed 07-26-2023     44.548     46.403     44.458     45.923           0
Tue 07-25-2023     45.515     45.670     44.548     44.578           0
Mon 07-24-2023     44.978     45.847     44.825     45.485           0
Fri 07-21-2023     46.465     46.675     45.163     45.356           0
Thu 07-20-2023     46.465     46.615     45.387     45.776           0
Wed 07-19-2023     46.603     47.427     46.603     46.768           0
Tue 07-18-2023     44.102     46.184     44.102     46.034           0
Mon 07-17-2023     43.417     45.046     43.297     44.388           0
Fri 07-14-2023     44.980     45.220     43.165     43.584           0
Thu 07-13-2023     44.544     45.400     44.275     45.340           0
Wed 07-12-2023     44.198     44.574     43.525     44.035           0
Tue 07-11-2023     42.232     42.909     42.022     42.729           0
Mon 07-10-2023     40.282     42.202     40.192     41.632           0
Fri 07-07-2023     38.639     40.822     38.639     40.132           0
Thu 07-06-2023     39.586     39.586     36.987     38.544           0
Wed 07-05-2023     41.145     41.354     40.336     40.725           0
Mon 07-03-2023     40.868     41.719     40.868     41.642           0
Fri 06-30-2023     41.025     41.360     40.102     40.988           0
Thu 06-29-2023     40.108     40.108     40.006     40.006           0
Wed 06-28-2023     38.332     39.418     38.249     39.179           0
Tue 06-27-2023     38.219     39.322     37.583     39.052           0
Mon 06-26-2023     38.102     39.000     37.729     37.729           0
Fri 06-23-2023     38.360     39.378     37.953     38.102           0
Thu 06-22-2023     40.689     40.719     39.557     39.767           0
Wed 06-21-2023     41.023     41.677     40.694     41.168           0
Tue 06-20-2023     41.861     41.951     40.784     41.323           0
Fri 06-16-2023     43.268     43.297     41.562     42.789           0
Thu 06-15-2023     40.993     42.759     40.993     42.370           0
Wed 06-14-2023     42.549     43.165     41.071     41.071           0
Tue 06-13-2023     41.315     42.793     41.196     42.153           0
Mon 06-12-2023     40.227     41.148     40.018     40.490           0
Fri 06-09-2023     40.908     41.398     39.599     39.779           0
Thu 06-08-2023     41.117     41.326     40.131     40.997           0
Wed 06-07-2023     40.275     41.313     40.018     40.985           0
Tue 06-06-2023     36.545     39.887     36.486     39.737           0
Mon 06-05-2023     36.944     37.422     36.724     36.724           0
Fri 06-02-2023     35.103     37.377     34.785     37.377           0
Thu 06-01-2023     32.240     34.208     32.031     33.880           0
Wed 05-31-2023     32.627     32.896     31.265     32.508           0
Tue 05-30-2023     32.965     33.681     32.041     32.568           0
Fri 05-26-2023     31.097     32.568     31.077     32.359           0
Thu 05-25-2023     32.688     32.717     30.373     30.620           0
Wed 05-24-2023     33.254     33.413     31.893     32.569           0
Tue 05-23-2023     34.127     36.014     33.343     33.403           0
Mon 05-22-2023     32.976     34.574     32.976     34.008           0
Fri 05-19-2023     33.442     33.859     32.847     32.907           0
Thu 05-18-2023     32.132     33.224     31.765     32.956           0
Wed 05-17-2023     30.801     32.579     30.226     32.251           0
Tue 05-16-2023     31.129     31.218     30.086     30.265           0
Mon 05-15-2023     30.723     31.963     30.524     31.754           0
Fri 05-12-2023     31.012     31.042     29.354     30.069           0
Thu 05-11-2023     30.714     30.804     29.524     30.298           0
Wed 05-10-2023     31.609     31.757     29.944     30.925           0
Tue 05-09-2023     29.608     30.381     28.954     29.905           0
Mon 05-08-2023     30.431     30.511     29.688     30.303           0
Fri 05-05-2023     29.073     30.294     29.073     29.938           0
Thu 05-04-2023     28.508     28.627     27.081     27.408           0
Wed 05-03-2023     29.064     30.966     28.945     29.064           0
Tue 05-02-2023     30.648     30.708     28.045     28.758           0
Mon 05-01-2023     30.945     32.075     30.916     31.243           0
Fri 04-28-2023     29.786     31.272     29.578     31.064           0
Thu 04-27-2023     28.278     29.786     27.743     29.667           0
Wed 04-26-2023     28.614     28.822     27.365     27.603           0
Tue 04-25-2023     30.481     30.778     28.283     28.283           0
Mon 04-24-2023     32.452     32.631     30.977     31.185           0
Fri 04-21-2023     32.472     32.631     31.562     32.245           0
Thu 04-20-2023     32.233     33.105     32.233     32.412           0
Wed 04-19-2023     32.422     33.700     32.273     33.105           0
Tue 04-18-2023     35.046     35.402     33.036     33.512           0
Mon 04-17-2023     33.422     34.393     33.264     34.333           0
Fri 04-14-2023     34.808     35.373     32.452     33.660           0
Thu 04-13-2023     32.858     34.808     32.829     34.719           0
Wed 04-12-2023     34.342     34.669     32.344     32.522           0
Tue 04-11-2023     32.789     33.719     32.621     33.304           0
Mon 04-10-2023     30.356     32.404     30.089     32.077           0
Thu 04-06-2023     30.074     31.039     29.807     30.703           0
Wed 04-05-2023     31.378     31.407     29.570     30.193           0
Tue 04-04-2023     34.055     34.055     31.407     31.941           0
Mon 04-03-2023     33.620     34.282     32.553     33.788           0
Fri 03-31-2023     32.453     34.243     32.247     34.065           0
Thu 03-30-2023     32.046     32.729     30.851     31.593           0
Wed 03-29-2023     30.413     31.473     30.324     31.146           0
Tue 03-28-2023     29.427     29.813     29.279     29.427           0
Mon 03-27-2023     29.724     30.317     29.160     29.783           0
Fri 03-24-2023     27.928     28.995     27.127     28.639           0
Thu 03-23-2023     30.122     31.109     27.601     28.491           0
Wed 03-22-2023     32.019     32.019     28.876     28.876           0
Tue 03-21-2023     29.727     31.752     29.727     31.426           0
Mon 03-20-2023     29.109     29.938     28.339     28.635           0
Fri 03-17-2023     30.341     30.491     28.309     28.724           0
Thu 03-16-2023     27.776     31.487     27.413     31.132           0
Wed 03-15-2023     29.126     29.494     27.472     29.219           0
Tue 03-14-2023     31.883     33.412     31.161     31.250           0
Mon 03-13-2023     29.091     30.935     28.352     29.278           0
Fri 03-10-2023     35.740     35.769     30.601     31.666           0
Thu 03-09-2023     40.550     40.994     36.675     36.675           0
Wed 03-08-2023     41.029     41.519     40.024     40.733           0
Tue 03-07-2023     42.402     42.756     40.697     41.111           0
Mon 03-06-2023     44.349     44.438     42.313     42.490           0
Fri 03-03-2023     42.798     44.644     42.575     44.290           0
Thu 03-02-2023     40.897     42.621     40.762     42.385           0
Wed 03-01-2023     42.562     43.123     41.812     41.812           0
Tue 02-28-2023     42.520     43.612     42.242     42.697           0
Mon 02-27-2023     42.811     43.995     42.225     42.697           0
Fri 02-24-2023     42.512     42.777     41.539     41.922           0
Thu 02-23-2023     45.106     45.401     42.777     44.487           0
Wed 02-22-2023     44.222     45.136     43.160     43.750           0
Tue 02-21-2023     46.993     47.258     43.809     43.809           0
Fri 02-17-2023     47.681     48.451     46.972     48.303           0
Thu 02-16-2023     47.561     49.350     47.264     47.961           0
Wed 02-15-2023     47.057     49.498     46.676     49.261           0
Tue 02-14-2023     47.114     48.359     46.256     47.619           0
Mon 02-13-2023     46.493     48.077     46.020     47.766           0
Fri 02-10-2023     46.519     46.844     45.901     46.641           0
Thu 02-09-2023     50.519     50.874     46.890     47.186           0
Wed 02-08-2023     50.978     51.659     49.052     49.348           0
Tue 02-07-2023     50.681     52.102     49.645     51.687           0
Mon 02-06-2023     51.762     51.806     50.681     51.036           0
Fri 02-03-2023     52.059     54.204     51.954     52.220           0
Thu 02-02-2023     51.258     54.414     51.258     53.821           0
Wed 02-01-2023     47.320     50.992     46.787     49.541           0
Tue 01-31-2023     43.602     46.876     43.602     46.432           0
Mon 01-30-2023     44.079     44.849     43.128     43.128           0
Fri 01-27-2023     43.487     45.234     43.474     44.938           0
Thu 01-26-2023     44.451     44.467     42.456     43.652           0
Wed 01-25-2023     41.326     42.735     41.326     42.675           0
Tue 01-24-2023     42.667     43.521     42.371     42.811           0
Mon 01-23-2023     41.679     43.406     41.679     43.081           0
Fri 01-20-2023     39.332     41.016     38.712     41.016           0
Thu 01-19-2023     38.471     38.582     37.223     38.198           0
Wed 01-18-2023     42.402     43.152     39.256     39.315           0
Tue 01-17-2023     41.251     42.031     40.868     41.369           0
Fri 01-13-2023     39.179     41.163     38.938     40.956           0
Thu 01-12-2023     37.976     39.770     36.854     39.652           0
Wed 01-11-2023     35.516     37.386     35.457     37.238           0
Tue 01-10-2023     33.451     35.251     33.392     35.251           0
Mon 01-09-2023     33.589     34.867     33.186     33.540           0
Fri 01-06-2023     30.572     32.920     30.159     32.802           0
Thu 01-05-2023     29.982     30.159     29.363     29.363           0
Wed 01-04-2023     30.100     31.132     29.578     30.542           0
Tue 01-03-2023     29.573     30.398     27.919     28.921           0
Fri 12-30-2022     27.508     28.630     27.508     28.542           0
Thu 12-29-2022     26.059     28.727     25.882     28.639           0
Wed 12-28-2022     26.992     27.639     25.302     25.360           0
Tue 12-27-2022     28.042     28.080     26.904     26.933           0
Fri 12-23-2022     27.678     27.921     26.776     27.921           0
Thu 12-22-2022     27.649     27.649     25.712     27.385           0
Wed 12-21-2022     27.854     29.293     27.745     28.618           0
Tue 12-20-2022     26.446     27.796     26.387     27.062           0
Mon 12-19-2022     28.588     28.588     26.344     26.960           0
Fri 12-16-2022     27.350     28.391     26.931     28.362           0
Thu 12-15-2022     30.091     30.091     28.378     28.378           0
Wed 12-14-2022     32.549     33.765     31.206     31.412           0
Tue 12-13-2022     35.165     35.928     32.383     33.000           0
Mon 12-12-2022     31.189     32.266     30.631     32.178           0
Fri 12-09-2022     31.408     31.934     30.878     30.878           0
Thu 12-08-2022     31.378     32.649     30.792     31.701           0
Wed 12-07-2022     31.105     31.750     30.695     30.724           0
Tue 12-06-2022     32.639     32.845     30.607     31.310           0
Mon 12-05-2022     35.210     35.386     32.405     32.786           0
Fri 12-02-2022     33.842     36.158     33.812     35.660           0
Thu 12-01-2022     34.977     35.358     34.184     34.966           0
Wed 11-30-2022     31.916     34.448     31.015     34.419           0
Tue 11-29-2022     31.534     32.091     31.270     31.417           0
Mon 11-28-2022     31.486     31.574     31.398     31.574           0
Fri 11-25-2022     33.011     33.802     33.011     33.558           0
Wed 11-23-2022     32.455     33.187     31.898     32.972           0
Tue 11-22-2022     31.186     32.504     31.186     32.504           0
Mon 11-21-2022     31.420     31.508     30.805     31.215           0
Fri 11-18-2022     32.660     32.719     31.138     32.104           0
Thu 11-17-2022     30.650     31.587     30.357     31.431           0
Wed 11-16-2022     32.924     33.070     31.802     32.124           0
Tue 11-15-2022     34.133     34.543     32.933     33.519           0
Mon 11-14-2022     33.001     33.665     32.415     32.493           0
Fri 11-11-2022     31.926     33.646     31.868     33.089           0
Thu 11-10-2022     29.803     31.975     29.748     31.946           0
Wed 11-09-2022     28.006     28.240     26.078     26.313           0
Tue 11-08-2022     28.835     29.443     27.713     28.622           0
Mon 11-07-2022     27.664     28.705     26.911     28.383           0
Fri 11-04-2022     27.100     27.510     25.578     27.158           0
Thu 11-03-2022     25.607     26.874     24.934     26.017           0
Wed 11-02-2022     28.229     29.587     26.514     26.514           0
Tue 11-01-2022     28.779     29.290     28.187     28.521           0
Mon 10-31-2022     27.781     28.829     27.606     28.072           0
Fri 10-28-2022     25.954     28.276     25.954     27.226           0
Thu 10-27-2022     26.618     27.222     25.837     26.041           0
Wed 10-26-2022     25.452     27.397     25.306     26.152           0
Tue 10-25-2022     23.090     25.386     23.090     25.270           0
Mon 10-24-2022     22.413     22.770     21.778     22.653           0
Fri 10-21-2022     20.740     22.705     20.449     22.472           0
Thu 10-20-2022     21.299     22.226     19.895     20.361           0
Wed 10-19-2022     22.187     22.465     20.600     21.212           0
Tue 10-18-2022     23.272     23.855     22.135     22.835           0
Mon 10-17-2022     21.172     22.251     21.172     21.995           0
Fri 10-14-2022     22.135     22.310     19.248     19.510           0
Thu 10-13-2022     17.445     21.529     16.890     21.208           0
Wed 10-12-2022     18.699     19.457     18.699     19.020           0
Tue 10-11-2022     18.407     19.662     17.736     18.728           0
Mon 10-10-2022     19.044     19.370     18.670     18.670           0
Fri 10-07-2022     20.735     20.764     19.014     19.014           0
Thu 10-06-2022     21.493     22.426     21.260     21.464           0
Wed 10-05-2022     21.056     22.281     20.210     21.814           0
Tue 10-04-2022     20.012     22.455     20.012     22.281           0
Mon 10-03-2022     17.187     18.845     16.458     18.495           0
Fri 09-30-2022     16.316     18.354     15.903     15.903           0
Thu 09-29-2022     17.226     17.226     15.470     16.404           0
Wed 09-28-2022     15.976     18.569     15.683     18.015           0
Tue 09-27-2022     15.679     16.584     14.632     15.421           0
Mon 09-26-2022     16.024     17.051     15.066     15.153           0
Fri 09-23-2022     17.182     17.182     15.266     16.258           0
Thu 09-22-2022     20.385     20.385     17.970     18.436           0
Wed 09-21-2022     22.368     22.776     20.472     20.472           0
Tue 09-20-2022     22.012     22.310     21.172     21.785           0
Mon 09-19-2022     22.076     22.916     22.076     22.916           0
Fri 09-16-2022     22.815     23.055     21.335     23.055           0
Thu 09-15-2022     23.750     25.225     23.750     23.987           0
Wed 09-14-2022     23.786     24.389     23.372     24.128           0
Tue 09-13-2022     25.087     25.684     23.560     23.560           0
Mon 09-12-2022     26.694     28.172     26.607     27.707           0
Fri 09-09-2022     25.131     26.287     25.124     26.025           0
Thu 09-08-2022     22.610     24.346     22.058     24.316           0
Wed 09-07-2022     20.587     23.452     20.587     23.075           0
Tue 09-06-2022     22.064     22.064     20.378     20.727           0
Fri 09-02-2022     23.321     23.931     21.460     21.954           0
Thu 09-01-2022     22.594     22.594     21.314     22.332           0
Wed 08-31-2022     23.909     24.142     23.153     23.153           0
Tue 08-30-2022     25.342     25.451     22.985     23.305           0
Mon 08-29-2022     25.531     25.880     25.102     25.102           0
Fri 08-26-2022     30.550     30.579     26.345     26.374           0
Thu 08-25-2022     28.842     30.006     28.492     29.948           0
Wed 08-24-2022     27.037     28.447     26.892     27.865           0
Tue 08-23-2022     26.921     27.728     26.913     27.029           0
Mon 08-22-2022     28.276     28.334     26.339     26.601           0
Fri 08-19-2022     30.586     30.751     29.091     29.354           0
Thu 08-18-2022     31.188     32.071     30.597     31.955           0
Wed 08-17-2022     32.112     32.490     30.422     31.121           0
Tue 08-16-2022     32.597     33.973     32.112     33.188           0
Mon 08-15-2022     31.006     33.333     30.803     33.217           0
Fri 08-12-2022     30.044     31.531     29.584     31.473           0
Thu 08-11-2022     29.520     30.626     28.850     29.112           0
Wed 08-10-2022     26.799     28.405     26.608     28.318           0
Tue 08-09-2022     26.224     26.340     24.629     25.153           0
Mon 08-08-2022     26.441     27.477     26.107     26.661           0
Fri 08-05-2022     23.310     25.830     23.310     25.655           0
Thu 08-04-2022     24.220     24.774     23.550     24.716           0
Wed 08-03-2022     23.061     24.257     22.595     24.075           0
Tue 08-02-2022     22.089     23.301     21.441     22.076           0
Mon 08-01-2022     21.289     22.790     20.834     22.498           0
Fri 07-29-2022     20.951     22.141     20.601     22.018           0
Thu 07-28-2022     19.983     20.864     18.896     20.689           0
Wed 07-27-2022     18.084     19.895     17.704     19.544           0
Tue 07-26-2022     16.998     17.874     16.764     17.402           0
Mon 07-25-2022     16.963     17.664     16.671     17.635           0
Fri 07-22-2022     18.086     18.524     16.190     16.920           0
Thu 07-21-2022     16.774     17.853     16.361     17.853           0
Wed 07-20-2022     16.147     17.488     16.064     17.050           0
Tue 07-19-2022     14.802     16.438     14.744     16.293           0
Mon 07-18-2022     14.885     15.234     13.720     13.953           0
Fri 07-15-2022     13.570     14.244     12.697     14.244           0
Thu 07-14-2022     12.515     12.515     11.648     12.464           0
Wed 07-13-2022     12.565     13.525     12.413     13.264           0
Tue 07-12-2022     13.650     13.795     12.827     13.031           0
Mon 07-11-2022     13.995     14.348     13.442     13.708           0
Fri 07-08-2022     13.849     14.780     13.442     14.635           0
Thu 07-07-2022     13.355     14.489     13.330     14.198           0
Wed 07-06-2022     12.631     13.151     12.016     12.715           0
Tue 07-05-2022     12.136     12.922     11.292     12.893           0
Fri 07-01-2022     12.311     12.980     11.842     12.835           0
Thu 06-30-2022     12.602     12.602     12.602     12.602           0
Wed 06-29-2022     12.983     12.983     11.932     12.311           0
Tue 06-28-2022     14.028     14.551     12.896     13.070           0
Mon 06-27-2022     13.767     14.116     13.215     13.970           0
Fri 06-24-2022     12.014     13.469     11.923     13.208           0
Thu 06-23-2022     11.569     11.949     11.108     11.717           0
Wed 06-22-2022     11.127     11.714     10.921     11.279           0
Tue 06-21-2022     11.272     11.967     10.780     11.330           0
Fri 06-17-2022      9.844     10.602      9.731     10.487           0
Thu 06-16-2022    10.1651    10.3648     9.1488     9.4673           0
Wed 06-15-2022     10.834     11.932     10.397     11.063           0
Tue 06-14-2022     9.1954     9.1954     9.1954     9.1954           0
Mon 06-13-2022     10.249     12.424     10.162     10.249           0
Fri 06-10-2022     15.088     15.088     13.032     13.438           0
Thu 06-09-2022     17.448     19.429      0.956     15.088           0
Wed 06-08-2022     15.500     15.500     15.500     15.500           0
Tue 06-07-2022     16.706     16.706     16.706     16.706           0
Mon 06-06-2022     15.535     15.535     15.535     15.535           0
Fri 06-03-2022     15.718     15.718     15.718     15.718           0
Thu 06-02-2022     16.634     16.634     16.634     16.634           0
Wed 06-01-2022     14.646     14.646     14.646     14.646           0
Tue 05-31-2022     15.367     15.367     15.367     15.367           0
Fri 05-27-2022     15.810     15.810     15.810     15.810           0
Thu 05-26-2022     13.447     13.447     13.447     13.447           0
Wed 05-25-2022     12.344     12.344     12.344     12.344           0
Tue 05-24-2022     11.128     11.128     11.128     11.128           0
Mon 05-23-2022     11.865     11.865     11.865     11.865           0
Fri 05-20-2022     10.943     10.943     10.943     10.943           0
Thu 05-19-2022     11.024     11.024     11.024     11.024           0
Wed 05-18-2022     11.475     11.475     11.475     11.475           0
Tue 05-17-2022     13.583     13.583     13.583     13.583           0
Mon 05-16-2022     11.680     11.680     11.680     11.680           0
Fri 05-13-2022     11.652     11.652     11.652     11.652           0
Thu 05-12-2022     9.8905     9.8905     9.8905     9.8905           0
Wed 05-11-2022     9.8983     9.8983     9.8983     9.8983           0
Tue 05-10-2022     10.380     10.380     10.380     10.380           0
Mon 05-09-2022     10.235     10.235     10.235     10.235           0
Fri 05-06-2022     12.663     12.663     12.663     12.663           0
Thu 05-05-2022     14.303     14.303     14.303     14.303           0
Wed 05-04-2022     17.529     17.529     17.529     17.529           0
Tue 05-03-2022     15.117     15.117     15.117     15.117           0
Mon 05-02-2022     13.987     13.987     13.987     13.987           0
Fri 04-29-2022     14.055     14.055     14.055     14.055           0
Thu 04-28-2022     16.124     16.124     16.124     16.124           0
Wed 04-27-2022     14.600     14.600     14.600     14.600           0
Tue 04-26-2022     14.729     14.729     14.729     14.729           0
Mon 04-25-2022     17.518     17.518     17.518     17.518           0
Fri 04-22-2022     16.857     16.857     16.857     16.857           0
Thu 04-21-2022     19.068     19.068     19.068     19.068           0
Wed 04-20-2022     20.925     20.925     20.925     20.925           0
Tue 04-19-2022     20.445     20.445     20.445     20.445           0
Mon 04-18-2022     18.504     18.504     18.504     18.504           0
Thu 04-14-2022     19.870     19.870     19.870     19.870           0
Wed 04-13-2022     20.688     20.688     20.688     20.688           0
Tue 04-12-2022     18.469     18.469     18.469     18.469           0
Mon 04-11-2022     18.614     18.614     18.614     18.614           0
Fri 04-08-2022     18.999     18.999     18.999     18.999           0
Thu 04-07-2022     20.031     20.031     20.031     20.031           0
Wed 04-06-2022     20.358     20.358     20.358     20.358           0
Tue 04-05-2022     22.328     22.328     22.328     22.328           0
Mon 04-04-2022     24.470     24.470     24.470     24.470           0
Fri 04-01-2022     23.654     23.654     23.654     23.654           0
Thu 03-31-2022     22.817     22.817     22.817     22.817           0
Wed 03-30-2022     24.285     24.285     24.285     24.285           0
Tue 03-29-2022     27.481     27.481     27.481     27.481           0
Mon 03-28-2022     24.246     24.246     24.246     24.246           0
Fri 03-25-2022     24.618     24.618     24.618     24.618           0
Thu 03-24-2022     24.494     24.494     24.494     24.494           0
Wed 03-23-2022     22.095     22.095     22.095     22.095           0
Tue 03-22-2022     24.838     24.838     24.838     24.838           0
Mon 03-21-2022     23.168     23.168     23.168     23.168           0
Fri 03-18-2022     24.118     24.118     24.118     24.118           0
Thu 03-17-2022     22.622     22.622     22.622     22.622           0
Wed 03-16-2022     21.053     21.053     21.053     21.053           0
Tue 03-15-2022     18.157     18.157     18.157     18.157           0
Mon 03-14-2022     17.002     17.002     17.002     17.002           0
Fri 03-11-2022     18.192     18.192     18.192     18.192           0
Thu 03-10-2022     18.750     18.750     18.750     18.750           0
Wed 03-09-2022     19.628     19.628     19.628     19.628           0
Tue 03-08-2022     16.951     16.951     16.951     16.951           0
Mon 03-07-2022     16.498     16.498     16.498     16.498           0
Fri 03-04-2022     19.146     19.146     19.146     19.146           0
Thu 03-03-2022     21.080     21.080     21.080     21.080           0
Wed 03-02-2022     21.720     21.720     21.720     21.720           0
Tue 03-01-2022     19.012     19.012     19.012     19.012           0
Mon 02-28-2022     21.423     21.423     21.423     21.423           0
Fri 02-25-2022     20.954     20.954     20.954     20.954           0
Thu 02-24-2022     18.062     18.062     18.062     18.062           0
Wed 02-23-2022     17.167     17.167     17.167     17.167           0
Tue 02-22-2022     18.687     18.687     18.687     18.687           0
Fri 02-18-2022     19.892     19.892     19.892     19.892           0
Thu 02-17-2022     20.192     20.192     20.192     20.192           0
Wed 02-16-2022     22.930     22.930     22.930     22.930           0
Tue 02-15-2022     22.986     22.986     22.986     22.986           0
Mon 02-14-2022     19.577     19.577     19.577     19.577           0
Fri 02-11-2022     20.272     20.272     20.272     20.272           0
Thu 02-10-2022     22.201     22.201     22.201     22.201           0
Wed 02-09-2022     24.374     24.374     24.374     24.374           0
Tue 02-08-2022     21.952     21.952     21.952     21.952           0
Mon 02-07-2022     19.810     19.810     19.810     19.810           0
Fri 02-04-2022     19.223     19.223     19.223     19.223           0
Thu 02-03-2022     18.327     18.327     18.327     18.327           0
Wed 02-02-2022     20.653     20.653     20.653     20.653           0
Tue 02-01-2022     21.144     21.144     21.144     21.144           0
Mon 01-31-2022     19.395     19.395     19.395     19.395           0
Fri 01-28-2022     15.980     15.980     15.980     15.980           0
Thu 01-27-2022     14.226     14.226     14.226     14.226           0
Wed 01-26-2022     15.831     15.831     15.831     15.831           0
Tue 01-25-2022     17.106     17.106     17.106     17.106           0
Mon 01-24-2022     18.332     18.332     18.332     18.332           0
Fri 01-21-2022     16.837     16.837     16.837     16.837           0
Thu 01-20-2022     19.238     19.238     19.238     19.238           0
Wed 01-19-2022     21.578     21.578     21.578     21.578           0
Tue 01-18-2022     22.605     22.605     22.605     22.605           0
Fri 01-14-2022     25.854     25.854     25.854     25.854           0
Thu 01-13-2022     26.131     26.131     26.131     26.131           0
Wed 01-12-2022     27.624     27.624     27.624     27.624           0
Tue 01-11-2022     28.382     28.382     28.382     28.382           0
Mon 01-10-2022     26.804     26.804     26.804     26.804           0
Fri 01-07-2022     27.243     27.243     27.243     27.243           0
Thu 01-06-2022     27.792     27.792     27.792     27.792           0
Wed 01-05-2022     27.656     27.656     27.656     27.656           0
Tue 01-04-2022     31.197     31.197     31.197     31.197           0
Mon 01-03-2022     32.601     32.601     32.601     32.601           0
Fri 12-31-2021     31.076     31.076     31.076     31.076           0
Thu 12-30-2021     31.387     31.387     31.387     31.387           0
Wed 12-29-2021     30.984     30.984     30.984     30.984           0
Tue 12-28-2021     31.207     31.207     31.207     31.207           0
Mon 12-27-2021     31.874     31.874     31.874     31.874           0
Thu 12-23-2021     30.945     30.945     30.945     30.945           0
Wed 12-22-2021     29.273     29.273     29.273     29.273           0
Tue 12-21-2021     28.217     28.217     28.217     28.217           0
Mon 12-20-2021     24.872     24.872     24.872     24.872           0
Fri 12-17-2021     26.479     26.479     26.479     26.479           0
Thu 12-16-2021     26.647     26.647     26.647     26.647           0
Wed 12-15-2021     28.265     28.265     28.265     28.265           0
Tue 12-14-2021     26.914     26.914     26.914     26.914           0
Mon 12-13-2021     27.489     27.489     27.489     27.489           0
Fri 12-10-2021     29.050     29.050     29.050     29.050           0
Thu 12-09-2021     29.094     29.094     29.094     29.094           0
Wed 12-08-2021     31.756     31.756     31.756     31.756           0
Tue 12-07-2021     30.524     30.524     30.524     30.524           0
Mon 12-06-2021     27.653     27.653     27.653     27.653           0
Fri 12-03-2021     25.750     25.750     25.750     25.750           0
Thu 12-02-2021     28.577     28.577     28.577     28.577           0
Wed 12-01-2021     25.611     25.611     25.611     25.611           0
Tue 11-30-2021     28.032     28.032     28.032     28.032           0
Mon 11-29-2021     30.734     30.734     30.734     30.734           0
Fri 11-26-2021     30.910     30.910     30.910     30.910           0
Wed 11-24-2021     34.136     34.136     34.136     34.136           0
Tue 11-23-2021     33.790     33.790     33.790     33.790           0
Mon 11-22-2021     34.608     34.608     34.608     34.608           0
Fri 11-19-2021     36.127     36.127     36.127     36.127           0
Thu 11-18-2021     36.792     36.792     36.792     36.792           0
Wed 11-17-2021     38.444     38.444     38.444     38.444           0
Tue 11-16-2021     39.035     39.035     39.035     39.035           0
Mon 11-15-2021     39.208     39.208     39.208     39.208           0
Fri 11-12-2021     40.493     40.493     40.493     40.493           0
Thu 11-11-2021     40.133     40.133     40.133     40.133           0
Wed 11-10-2021     39.703     39.703     39.703     39.703           0
Tue 11-09-2021     41.634     41.634     41.634     41.634           0
Mon 11-08-2021     42.188     42.188     42.188     42.188           0
Fri 11-05-2021     42.055     42.055     42.055     42.055           0
Thu 11-04-2021     41.118     41.118     41.118     41.118           0
Wed 11-03-2021     41.324     41.324     41.324     41.324           0
Tue 11-02-2021     40.048     40.048     40.048     40.048           0
Mon 11-01-2021     39.880     39.880     39.880     39.880           0
Fri 10-29-2021     36.963     36.963     36.963     36.963           0
Thu 10-28-2021     37.158     37.158     37.158     37.158           0
Wed 10-27-2021     35.240     35.240     35.240     35.240           0
Tue 10-26-2021     36.712     36.712     36.712     36.712           0
Mon 10-25-2021     37.753     37.753     37.753     37.753           0
Fri 10-22-2021     36.942     36.942     36.942     36.942           0
Thu 10-21-2021     37.815     37.815     37.815     37.815           0
Wed 10-20-2021     37.576     37.576     37.576     37.576           0
Tue 10-19-2021     36.829     36.829     36.829     36.829           0
Mon 10-18-2021     36.104     36.104     36.104     36.104           0
Fri 10-15-2021     36.712     36.712     36.712     36.712           0
Thu 10-14-2021     37.416     37.416     37.416     37.416           0
Wed 10-13-2021     35.499     35.499     35.499     35.499           0
Tue 10-12-2021     34.704     34.704     34.704     34.704           0
Mon 10-11-2021     34.464     34.464     34.464     34.464           0
Fri 10-08-2021     35.461     35.461     35.461     35.461           0
Thu 10-07-2021     36.210     36.210     36.210     36.210           0
Wed 10-06-2021     34.812     34.812     34.812     34.812           0
Tue 10-05-2021     35.108     35.108     35.108     35.108           0
Mon 10-04-2021     34.939     34.939     34.939     34.939           0
Fri 10-01-2021     36.953     36.953     36.953     36.953           0
Thu 09-30-2021     35.168     35.168     35.168     35.168           0
Wed 09-29-2021     35.650     35.650     35.650     35.650           0
Tue 09-28-2021     36.672     36.672     36.672     36.672           0
Mon 09-27-2021     40.367     40.367     40.367     40.367           0
Fri 09-24-2021     38.618     38.618     38.618     38.618           0
Thu 09-23-2021     39.317     39.317     39.317     39.317           0
Wed 09-22-2021     36.782     36.782     36.782     36.782           0
Tue 09-21-2021     34.578     34.578     34.578     34.578           0
Mon 09-20-2021     34.576     34.576     34.576     34.576           0
Fri 09-17-2021     38.592     38.592     38.592     38.592           0
Thu 09-16-2021     37.241     37.241     37.241     37.241           0
Wed 09-15-2021     37.445     37.445     37.445     37.445           0
Tue 09-14-2021     36.692     36.692     36.692     36.692           0
Mon 09-13-2021     39.191     39.191     39.191     39.191           0
Fri 09-10-2021     38.752     38.752     38.752     38.752           0
Thu 09-09-2021     40.136     40.136     40.136     40.136           0
Wed 09-08-2021     39.721     39.721     39.721     39.721           0
Tue 09-07-2021     41.517     41.517     41.517     41.517           0
Fri 09-03-2021     42.412     42.412     42.412     42.412           0
Thu 09-02-2021     43.364     43.364     43.364     43.364           0
Wed 09-01-2021     43.409     43.409     43.409     43.409           0
Tue 08-31-2021     42.840     42.840     42.840     42.840           0
Mon 08-30-2021     42.130     42.130     42.130     42.130           0
Fri 08-27-2021     43.130     43.130     43.130     43.130           0
Thu 08-26-2021     40.334     40.334     40.334     40.334           0
Wed 08-25-2021     41.497     41.497     41.497     41.497           0
Tue 08-24-2021     40.767     40.767     40.767     40.767           0
Mon 08-23-2021     39.855     39.855     39.855     39.855           0
Fri 08-20-2021     36.954     36.954     36.954     36.954           0
Thu 08-19-2021     34.753     34.753     34.753     34.753           0
Wed 08-18-2021     36.940     36.940     36.940     36.940           0
Tue 08-17-2021     38.170     38.170     38.170     38.170           0
Mon 08-16-2021     39.968     39.968     39.968     39.968           0
Fri 08-13-2021     41.744     41.744     41.744     41.744           0
Thu 08-12-2021     43.436     43.436     43.436     43.436           0
Wed 08-11-2021     44.436     44.436     44.436     44.436           0
Tue 08-10-2021     44.489     44.489     44.489     44.489           0
Mon 08-09-2021     45.748     45.748     45.748     45.748           0
Fri 08-06-2021     45.454     45.454     45.454     45.454           0
Thu 08-05-2021     45.465     45.465     45.465     45.465           0
Wed 08-04-2021     43.785     43.785     43.785     43.785           0
Tue 08-03-2021     45.385     45.385     45.385     45.385           0
Mon 08-02-2021     45.932     45.932     45.932     45.932           0
Fri 07-30-2021     45.658     45.658     45.658     45.658           0
Thu 07-29-2021     46.629     46.629     46.629     46.629           0
Wed 07-28-2021     46.996     46.996     46.996     46.996           0
Tue 07-27-2021     45.016     45.016     45.016     45.016           0
Mon 07-26-2021     47.059     47.059     47.059     47.059           0
Fri 07-23-2021     48.069     48.069     48.069     48.069           0
Thu 07-22-2021     48.530     48.530     48.530     48.530           0
Wed 07-21-2021     51.147     51.147     51.147     51.147           0
Tue 07-20-2021     48.603     48.603     48.603     48.603           0
Mon 07-19-2021     44.292     44.292     44.292     44.292           0
Fri 07-16-2021     47.077     47.077     47.077     47.077           0
Thu 07-15-2021     49.469     49.469     49.469     49.469           0
Wed 07-14-2021     50.474     50.474     50.474     50.474           0
Tue 07-13-2021     52.863     52.863     52.863     52.863           0
Mon 07-12-2021     55.644     55.644     55.644     55.644           0
Fri 07-09-2021     55.888     55.888     55.888     55.888           0
Thu 07-08-2021     53.791     53.791     53.791     53.791           0
Wed 07-07-2021     54.459     54.459     54.459     54.459           0
Tue 07-06-2021     57.013     57.013     57.013     57.013           0
Fri 07-02-2021     59.113     59.113     59.113     59.113           0
Thu 07-01-2021     60.362     60.362     60.362     60.362           0
Wed 06-30-2021     59.812     59.812     59.812     59.812           0
Tue 06-29-2021     60.295     60.295     60.295     60.295           0
Mon 06-28-2021     61.725     61.725     61.725     61.725           0
Fri 06-25-2021     62.415     62.415     62.415     62.415           0
Thu 06-24-2021     61.207     61.207     61.207     61.207           0
Wed 06-23-2021     59.107     59.107     59.107     59.107           0
Tue 06-22-2021     58.583     58.583     58.583     58.583           0
Mon 06-21-2021     58.603     58.603     58.603     58.603           0
Fri 06-18-2021     57.916     57.916     57.916     57.916           0
Thu 06-17-2021     59.984     59.984     59.984     59.984           0
Wed 06-16-2021     59.856     59.856     59.856     59.856           0
Tue 06-15-2021     60.281     60.281     60.281     60.281           0
Mon 06-14-2021     62.651     62.651     62.651     62.651           0
Fri 06-11-2021     61.849     61.849     61.849     61.849           0
Thu 06-10-2021     61.734     61.734     61.734     61.734           0
Wed 06-09-2021     61.941     61.941     61.941     61.941           0
Tue 06-08-2021     61.277     61.277     61.277     61.277           0
Mon 06-07-2021     60.241     60.241     60.241     60.241           0
Fri 06-04-2021     58.593     58.593     58.593     58.593           0
Thu 06-03-2021     57.593     57.593     57.593     57.593           0
Wed 06-02-2021     58.394     58.394     58.394     58.394           0
Tue 06-01-2021     58.076     58.076     58.076     58.076           0
Fri 05-28-2021     57.415     57.415     57.415     57.415           0
Thu 05-27-2021     57.897     57.897     57.897     57.897           0
Wed 05-26-2021     57.206     57.206     57.206     57.206           0
Tue 05-25-2021     55.295     55.295     55.295     55.295           0
Mon 05-24-2021     56.522     56.522     56.522     56.522           0
Fri 05-21-2021     56.488     56.488     56.488     56.488           0
Thu 05-20-2021     56.290     56.290     56.290     56.290           0
Wed 05-19-2021     54.182     54.182     54.182     54.182           0
Tue 05-18-2021     54.242     54.242     54.242     54.242           0
Mon 05-17-2021     53.299     53.299     53.299     53.299           0
Fri 05-14-2021     52.797     52.797     52.797     52.797           0
Thu 05-13-2021     49.779     49.779     49.779     49.779           0
Wed 05-12-2021     50.926     50.926     50.926     50.926           0
Tue 05-11-2021     54.060     54.060     54.060     54.060           0
Mon 05-10-2021     54.088     54.088     54.088     54.088           0
Fri 05-07-2021     57.322     57.322     57.322     57.322           0
Thu 05-06-2021     55.973     55.973     55.973     55.973           0
Wed 05-05-2021     58.239     58.239     58.239     58.239           0
Tue 05-04-2021     59.330     59.330     59.330     59.330           0
Mon 05-03-2021     62.263     62.263     62.263     62.263           0
Fri 04-30-2021     62.530     62.530     62.530     62.530           0
Thu 04-29-2021     63.936     63.936     63.936     63.936           0
Wed 04-28-2021     64.734     64.734     64.734     64.734           0
Tue 04-27-2021     64.868     64.868     64.868     64.868           0
Mon 04-26-2021     65.243     65.243     65.243     65.243           0
Fri 04-23-2021     63.223     63.223     63.223     63.223           0
Thu 04-22-2021     61.975     61.975     61.975     61.975           0
Wed 04-21-2021     61.657     61.657     61.657     61.657           0
Tue 04-20-2021     58.994     58.994     58.994     58.994           0
Mon 04-19-2021     60.542     60.542     60.542     60.542           0
Fri 04-16-2021     62.515     62.515     62.515     62.515           0
Thu 04-15-2021     63.478     63.478     63.478     63.478           0
Wed 04-14-2021     64.438     64.438     64.438     64.438           0
Tue 04-13-2021     64.164     64.164     64.164     64.164           0
Mon 04-12-2021     63.626     63.626     63.626     63.626           0
Fri 04-09-2021     66.025     66.025     66.025     66.025           0
Thu 04-08-2021     66.692     66.692     66.692     66.692           0
Wed 04-07-2021     66.141     66.141     66.141     66.141           0
Tue 04-06-2021     67.744     67.744     67.744     67.744           0
Mon 04-05-2021     68.048     68.048     68.048     68.048           0
Thu 04-01-2021     67.554     67.554     67.554     67.554           0
Wed 03-31-2021     66.086     66.086     66.086     66.086           0
Tue 03-30-2021     64.191     64.191     64.191     64.191           0
Mon 03-29-2021     63.986     63.986     63.986     63.986           0
Fri 03-26-2021     66.352     66.352     66.352     66.352           0
Thu 03-25-2021     65.924     65.924     65.924     65.924           0
Wed 03-24-2021     65.066     65.066     65.066     65.066           0
Tue 03-23-2021     68.516     68.516     68.516     68.516           0
Mon 03-22-2021     70.692     70.692     70.692     70.692           0
Fri 03-19-2021     70.794     70.794     70.794     70.794           0
Thu 03-18-2021     69.677     69.677     69.677     69.677           0
Wed 03-17-2021     72.083     72.083     72.083     72.083           0
Tue 03-16-2021     71.342     71.342     71.342     71.342           0
Mon 03-15-2021     72.579     72.579     72.579     72.579           0
Fri 03-12-2021     71.746     71.746     71.746     71.746           0
Thu 03-11-2021     72.586     72.586     72.586     72.586           0
Wed 03-10-2021     69.867     69.867     69.867     69.867           0
Tue 03-09-2021     69.403     69.403     69.403     69.403           0
Mon 03-08-2021     65.680     65.680     65.680     65.680           0
Fri 03-05-2021     67.060     67.060     67.060     67.060           0
Thu 03-04-2021     65.952     65.952     65.952     65.952           0
Wed 03-03-2021     70.722     70.722     70.722     70.722           0
Tue 03-02-2021     73.150     73.150     73.150     73.150           0
Mon 03-01-2021     74.139     74.139     74.139     74.139           0
Fri 02-26-2021     72.390     72.390     72.390     72.390           0
Thu 02-25-2021     72.826     72.826     72.826     72.826           0
Wed 02-24-2021     75.949     75.949     75.949     75.949           0
Tue 02-23-2021     75.107     75.107     75.107     75.107           0
Mon 02-22-2021     77.639     77.639     77.639     77.639           0
Fri 02-19-2021     79.009     79.009     79.009     79.009           0
Thu 02-18-2021     79.545     79.545     79.545     79.545           0
Wed 02-17-2021     80.298     80.298     80.298     80.298           0
Tue 02-16-2021     80.259     80.259     80.259     80.259           0
Fri 02-12-2021     80.426     80.426     80.426     80.426           0
Thu 02-11-2021     80.952     80.952     80.952     80.952           0
Wed 02-10-2021     81.775     81.775     81.775     81.775           0
Tue 02-09-2021     82.391     82.391     82.391     82.391           0
Mon 02-08-2021     81.859     81.859     81.859     81.859           0
Fri 02-05-2021     80.460     80.460     80.460     80.460           0
Thu 02-04-2021     80.171     80.171     80.171     80.171           0
Wed 02-03-2021     79.258     79.258     79.258     79.258           0
Tue 02-02-2021     78.353     78.353     78.353     78.353           0
Mon 02-01-2021     77.121     77.121     77.121     77.121           0
Fri 01-29-2021     75.469     75.469     75.469     75.469           0
Thu 01-28-2021     76.596     76.596     76.596     76.596           0
Wed 01-27-2021     77.317     77.317     77.317     77.317           0
Tue 01-26-2021     79.512     79.512     79.512     79.512           0
Mon 01-25-2021     80.017     80.017     80.017     80.017           0
Fri 01-22-2021     78.855     78.855     78.855     78.855           0
Thu 01-21-2021     78.553     78.553     78.553     78.553           0
Wed 01-20-2021     78.687     78.687     78.687     78.687           0
Tue 01-19-2021     78.179     78.179     78.179     78.179           0
Fri 01-15-2021     76.471     76.471     76.471     76.471           0
Thu 01-14-2021     77.380     77.380     77.380     77.380           0
Wed 01-13-2021     76.458     76.458     76.458     76.458           0
Tue 01-12-2021     76.668     76.668     76.668     76.668           0
Mon 01-11-2021     76.028     76.028     76.028     76.028           0
Fri 01-08-2021     76.795     76.795     76.795     76.795           0
Thu 01-07-2021     76.005     76.005     76.005     76.005           0
Wed 01-06-2021     74.697     74.697     74.697     74.697           0
Tue 01-05-2021     74.328     74.328     74.328     74.328           0
Mon 01-04-2021     72.854     72.854     72.854     72.854           0
Thu 12-31-2020     73.054     73.054     73.054     73.054           0
Wed 12-30-2020     73.604     73.604     73.604     73.604           0
Tue 12-29-2020     73.150     73.150     73.150     73.150           0
Mon 12-28-2020     74.320     74.320     74.320     74.320           0
Thu 12-24-2020     74.689     74.689     74.689     74.689           0
Wed 12-23-2020     74.851     74.851     74.851     74.851           0
Tue 12-22-2020     73.783     73.783     73.783     73.783           0
Mon 12-21-2020     74.028     74.028     74.028     74.028           0
Fri 12-18-2020     74.150     74.150     74.150     74.150           0
Thu 12-17-2020     74.802     74.802     74.802     74.802           0
Wed 12-16-2020     74.801     74.801     74.801     74.801           0
Tue 12-15-2020     75.343     75.343     75.343     75.343           0
Mon 12-14-2020     74.678     74.678     74.678     74.678           0
Fri 12-11-2020     73.824     73.824     73.824     73.824           0
Thu 12-10-2020     74.832     74.832     74.832     74.832           0
Wed 12-09-2020     73.482     73.482     73.482     73.482           0
Tue 12-08-2020     74.832     74.832     74.832     74.832           0
Mon 12-07-2020     74.655     74.655     74.655     74.655           0
Fri 12-04-2020     74.543     74.543     74.543     74.543           0
Thu 12-03-2020     73.607     73.607     73.607     73.607           0
Wed 12-02-2020     73.015     73.015     73.015     73.015           0
Tue 12-01-2020     72.654     72.654     72.654     72.654           0
Mon 11-30-2020     72.369     72.369     72.369     72.369           0
Fri 11-27-2020     72.904     72.904     72.904     72.904           0
Wed 11-25-2020     71.519     71.519     71.519     71.519           0
Tue 11-24-2020     71.429     71.429     71.429     71.429           0
Mon 11-23-2020     69.686     69.686     69.686     69.686           0
Fri 11-20-2020     68.750     68.750     68.750     68.750           0
Thu 11-19-2020     68.474     68.474     68.474     68.474           0
Wed 11-18-2020     67.475     67.475     67.475     67.475           0
Tue 11-17-2020     68.123     68.123     68.123     68.123           0
Mon 11-16-2020     68.595     68.595     68.595     68.595           0
Fri 11-13-2020     66.559     66.559     66.559     66.559           0
Thu 11-12-2020     64.776     64.776     64.776     64.776           0
Wed 11-11-2020     66.140     66.140     66.140     66.140           0
Tue 11-10-2020     65.361     65.361     65.361     65.361           0
Mon 11-09-2020     63.777     63.777     63.777     63.777           0
Fri 11-06-2020     58.601     58.601     58.601     58.601           0
Thu 11-05-2020     59.849     59.849     59.849     59.849           0
Wed 11-04-2020     57.129     57.129     57.129     57.129           0
Tue 11-03-2020     56.413     56.413     56.413     56.413           0
Mon 11-02-2020     52.359     52.359     52.359     52.359           0
Fri 10-30-2020     50.259     50.259     50.259     50.259           0
Thu 10-29-2020     52.430     52.430     52.430     52.430           0
Wed 10-28-2020     50.847     50.847     50.847     50.847           0
Tue 10-27-2020     56.279     56.279     56.279     56.279           0
Mon 10-26-2020     57.494     57.494     57.494     57.494           0
Fri 10-23-2020     60.783     60.783     60.783     60.783           0
Thu 10-22-2020     60.188     60.188     60.188     60.188           0
Wed 10-21-2020     57.855     57.855     57.855     57.855           0
Tue 10-20-2020     58.141     58.141     58.141     58.141           0
Mon 10-19-2020     58.203     58.203     58.203     58.203           0
Fri 10-16-2020     59.934     59.934     59.934     59.934           0
Thu 10-15-2020     59.487     59.487     59.487     59.487           0
Wed 10-14-2020     58.964     58.964     58.964     58.964           0
Tue 10-13-2020     60.318     60.318     60.318     60.318           0
Mon 10-12-2020     61.718     61.718     61.718     61.718           0
Fri 10-09-2020     60.326     60.326     60.326     60.326           0
Thu 10-08-2020     59.535     59.535     59.535     59.535           0
Wed 10-07-2020     57.428     57.428     57.428     57.428           0
Tue 10-06-2020     54.639     54.639     54.639     54.639           0
Mon 10-05-2020     54.881     54.881     54.881     54.881           0
Fri 10-02-2020     51.855     51.855     51.855     51.855           0
Thu 10-01-2020     52.321     52.321     52.321     52.321           0
Wed 09-30-2020     50.603     50.603     50.603     50.603           0
Tue 09-29-2020     50.418     50.418     50.418     50.418           0
Mon 09-28-2020     50.603     50.603     50.603     50.603           0
Fri 09-25-2020     48.009     48.009     48.009     48.009           0
Thu 09-24-2020     45.737     45.737     45.737     45.737           0
Wed 09-23-2020     45.868     45.868     45.868     45.868           0
Tue 09-22-2020     49.442     49.442     49.442     49.442           0
Mon 09-21-2020     49.421     49.421     49.421     49.421           0
Fri 09-18-2020     53.967     53.967     53.967     53.967           0
Thu 09-17-2020     54.601     54.601     54.601     54.601           0
Wed 09-16-2020     54.448     54.448     54.448     54.448           0
Tue 09-15-2020     53.258     53.258     53.258     53.258           0
Mon 09-14-2020     52.481     52.481     52.481     52.481           0
Fri 09-11-2020     49.789     49.789     49.789     49.789           0
Thu 09-10-2020     49.694     49.694     49.694     49.694           0
Wed 09-09-2020     51.388     51.388     51.388     51.388           0
Tue 09-08-2020     49.554     49.554     49.554     49.554           0
Fri 09-04-2020     51.994     51.994     51.994     51.994           0
Thu 09-03-2020     53.202     53.202     53.202     53.202           0
Wed 09-02-2020     56.443     56.443     56.443     56.443           0
Tue 09-01-2020     54.465     54.465     54.465     54.465           0
Mon 08-31-2020     54.720     54.720     54.720     54.720           0
Fri 08-28-2020     54.698     54.698     54.698     54.698           0
Thu 08-27-2020     54.225     54.225     54.225     54.225           0
Wed 08-26-2020     55.504     55.504     55.504     55.504           0
Tue 08-25-2020     56.279     56.279     56.279     56.279           0
Mon 08-24-2020     55.081     55.081     55.081     55.081           0
Fri 08-21-2020     55.185     55.185     55.185     55.185           0
Thu 08-20-2020     56.546     56.546     56.546     56.546           0
Wed 08-19-2020     57.594     57.594     57.594     57.594           0
Tue 08-18-2020     57.760     57.760     57.760     57.760           0
Mon 08-17-2020     58.698     58.698     58.698     58.698           0
Fri 08-14-2020     58.310     58.310     58.310     58.310           0
Thu 08-13-2020     58.403     58.403     58.403     58.403           0
Wed 08-12-2020     59.263     59.263     59.263     59.263           0
Tue 08-11-2020     59.478     59.478     59.478     59.478           0
Mon 08-10-2020     60.084     60.084     60.084     60.084           0
Fri 08-07-2020     59.214     59.214     59.214     59.214           0
Thu 08-06-2020     57.424     57.424     57.424     57.424           0
Wed 08-05-2020     57.821     57.821     57.821     57.821           0
Tue 08-04-2020     56.867     56.867     56.867     56.867           0
Mon 08-03-2020     56.111     56.111     56.111     56.111           0
Fri 07-31-2020     53.088     53.088     53.088     53.088           0
Thu 07-30-2020     55.094     55.094     55.094     55.094           0
Wed 07-29-2020     54.490     54.490     54.490     54.490           0
Tue 07-28-2020     53.199     53.199     53.199     53.199           0
Mon 07-27-2020     54.204     54.204     54.204     54.204           0
Fri 07-24-2020     53.124     53.124     53.124     53.124           0
Thu 07-23-2020     54.243     54.243     54.243     54.243           0
Wed 07-22-2020     54.839     54.839     54.839     54.839           0
Tue 07-21-2020     54.959     54.959     54.959     54.959           0
Mon 07-20-2020     53.938     53.938     53.938     53.938           0
Fri 07-17-2020     52.780     52.780     52.780     52.780           0
Thu 07-16-2020     51.229     51.229     51.229     51.229           0
Wed 07-15-2020     51.705     51.705     51.705     51.705           0
Tue 07-14-2020     48.387     48.387     48.387     48.387           0
Mon 07-13-2020     47.003     47.003     47.003     47.003           0
Fri 07-10-2020     48.457     48.457     48.457     48.457           0
Thu 07-09-2020     48.210     48.210     48.210     48.210           0
Wed 07-08-2020     49.116     49.116     49.116     49.116           0
Tue 07-07-2020     48.215     48.215     48.215     48.215           0
Mon 07-06-2020     49.505     49.505     49.505     49.505           0
Thu 07-02-2020     47.871     47.871     47.871     47.871           0
Wed 07-01-2020     47.209     47.209     47.209     47.209           0
Tue 06-30-2020     47.114     47.114     47.114     47.114           0
Mon 06-29-2020     45.809     45.809     45.809     45.809           0
Fri 06-26-2020     43.587     43.587     43.587     43.587           0
Thu 06-25-2020     46.797     46.797     46.797     46.797           0
Wed 06-24-2020     45.533     45.533     45.533     45.533           0
Tue 06-23-2020     48.954     48.954     48.954     48.954           0
Mon 06-22-2020     48.527     48.527     48.527     48.527           0
Fri 06-19-2020     48.004     48.004     48.004     48.004           0
Thu 06-18-2020     48.192     48.192     48.192     48.192           0
Wed 06-17-2020     47.240     47.240     47.240     47.240           0
Tue 06-16-2020     48.500     48.500     48.500     48.500           0
Mon 06-15-2020     45.539     45.539     45.539     45.539           0
Fri 06-12-2020     42.990     42.990     42.990     42.990           0
Thu 06-11-2020     40.093     40.093     40.093     40.093           0
Wed 06-10-2020     51.150     51.150     51.150     51.150           0
Tue 06-09-2020     54.932     54.932     54.932     54.932           0
Mon 06-08-2020     56.940     56.940     56.940     56.940           0
Fri 06-05-2020     53.070     53.070     53.070     53.070           0
Thu 06-04-2020     48.446     48.446     48.446     48.446           0
Wed 06-03-2020     48.518     48.518     48.518     48.518           0
Tue 06-02-2020     46.062     46.062     46.062     46.062           0
Mon 06-01-2020     43.981     43.981     43.981     43.981           0
Fri 05-29-2020     42.727     42.727     42.727     42.727           0
Thu 05-28-2020     42.410     42.410     42.410     42.410           0
Wed 05-27-2020     43.687     43.687     43.687     43.687           0
Tue 05-26-2020     41.567     41.567     41.567     41.567           0
Fri 05-22-2020     39.353     39.353     39.353     39.353           0
Thu 05-21-2020     38.562     38.562     38.562     38.562           0
Wed 05-20-2020     39.015     39.015     39.015     39.015           0
Tue 05-19-2020     36.773     36.773     36.773     36.773           0
Mon 05-18-2020     37.008     37.008     37.008     37.008           0
Fri 05-15-2020     33.659     33.659     33.659     33.659           0
Thu 05-14-2020     32.944     32.944     32.944     32.944           0
Wed 05-13-2020     32.202     32.202     32.202     32.202           0
Tue 05-12-2020     34.516     34.516     34.516     34.516           0
Mon 05-11-2020     36.257     36.257     36.257     36.257           0
Fri 05-08-2020     35.107     35.107     35.107     35.107           0
Thu 05-07-2020     32.302     32.302     32.302     32.302           0
Wed 05-06-2020     30.724     30.724     30.724     30.724           0
Tue 05-05-2020     30.352     30.352     30.352     30.352           0
Mon 05-04-2020     28.662     28.662     28.662     28.662           0
Fri 05-01-2020     27.259     27.259     27.259     27.259           0
Thu 04-30-2020     31.326     31.326     31.326     31.326           0
Wed 04-29-2020     34.231     34.231     34.231     34.231           0
Tue 04-28-2020     29.838     29.838     29.838     29.838           0
Mon 04-27-2020     29.415     29.415     29.415     29.415           0
Fri 04-24-2020     26.758     26.758     26.758     26.758           0
Thu 04-23-2020     25.061     25.061     25.061     25.061           0
Wed 04-22-2020     24.311     24.311     24.311     24.311           0
Tue 04-21-2020     22.126     22.126     22.126     22.126           0
Mon 04-20-2020     24.410     24.410     24.410     24.410           0
Fri 04-17-2020     24.189     24.189     24.189     24.189           0
Thu 04-16-2020     22.264     22.264     22.264     22.264           0
Wed 04-15-2020     20.713     20.713     20.713     20.713           0
Tue 04-14-2020     22.243     22.243     22.243     22.243           0
Mon 04-13-2020     19.497     19.497     19.497     19.497           0
Thu 04-09-2020     19.435     19.435     19.435     19.435           0
Wed 04-08-2020     17.144     17.144     17.144     17.144           0
Tue 04-07-2020     14.198     14.198     14.198     14.198           0
Mon 04-06-2020     14.721     14.721     14.721     14.721           0
Fri 04-03-2020     11.318     11.318     11.318     11.318           0
Thu 04-02-2020     11.822     11.822     11.822     11.822           0
Wed 04-01-2020     11.307     11.307     11.307     11.307           0
Tue 03-31-2020     13.395     13.395     13.395     13.395           0
Mon 03-30-2020     13.670     13.670     13.670     13.670           0
Fri 03-27-2020     11.822     11.822     11.822     11.822           0
Thu 03-26-2020     13.807     13.807     13.807     13.807           0
Wed 03-25-2020     10.475     10.475     10.475     10.475           0
Tue 03-24-2020     10.332     10.332     10.332     10.332           0
Mon 03-23-2020     7.9492     7.9492     7.9492     7.9492           0
Fri 03-20-2020     7.5650     7.5650     7.5650     7.5650           0
Thu 03-19-2020     8.0476     8.0476     8.0476     8.0476           0
Wed 03-18-2020     7.1122     7.1122     7.1122     7.1122           0
Tue 03-17-2020     9.8162     9.8162     9.8162     9.8162           0
Mon 03-16-2020     7.0073     7.0073     7.0073     7.0073           0
Fri 03-13-2020     12.236     12.236     12.236     12.236           0
Thu 03-12-2020     9.5427     9.5427     9.5427     9.5427           0
Wed 03-11-2020     16.306     16.306     16.306     16.306           0
Tue 03-10-2020     22.851     22.851     22.851     22.851           0
Mon 03-09-2020     20.397     20.397     20.397     20.397           0
Fri 03-06-2020     31.068     31.068     31.068     31.068           0
Thu 03-05-2020     35.442     35.442     35.442     35.442           0
Wed 03-04-2020     40.578     40.578     40.578     40.578           0
Tue 03-03-2020     35.000     35.000     35.000     35.000           0
Mon 03-02-2020     37.952     37.952     37.952     37.952           0
Fri 02-28-2020     33.212     33.212     33.212     33.212           0
Thu 02-27-2020     35.168     35.168     35.168     35.168           0
Wed 02-26-2020     42.600     42.600     42.600     42.600           0
Tue 02-25-2020     44.079     44.079     44.079     44.079           0
Mon 02-24-2020     51.630     51.630     51.630     51.630           0
Fri 02-21-2020     57.813     57.813     57.813     57.813           0
Thu 02-20-2020     60.258     60.258     60.258     60.258           0
Wed 02-19-2020     59.174     59.174     59.174     59.174           0
Tue 02-18-2020     57.319     57.319     57.319     57.319           0
Fri 02-14-2020     57.495     57.495     57.495     57.495           0
Thu 02-13-2020     58.542     58.542     58.542     58.542           0
Wed 02-12-2020     58.761     58.761     58.761     58.761           0
Tue 02-11-2020     57.959     57.959     57.959     57.959           0
Mon 02-10-2020     56.955     56.955     56.955     56.955           0
Fri 02-07-2020     55.742     55.742     55.742     55.742           0
Thu 02-06-2020     58.377     58.377     58.377     58.377           0
Wed 02-05-2020     58.019     58.019     58.019     58.019           0
Tue 02-04-2020     56.126     56.126     56.126     56.126           0
Mon 02-03-2020     53.319     53.319     53.319     53.319           0
Fri 01-31-2020     51.153     51.153     51.153     51.153           0
Thu 01-30-2020     54.541     54.541     54.541     54.541           0
Wed 01-29-2020     54.754     54.754     54.754     54.754           0
Tue 01-28-2020     56.374     56.374     56.374     56.374           0
Mon 01-27-2020     55.063     55.063     55.063     55.063           0
Fri 01-24-2020     56.979     56.979     56.979     56.979           0
Thu 01-23-2020     59.117     59.117     59.117     59.117           0
Wed 01-22-2020     59.737     59.737     59.737     59.737           0
Tue 01-21-2020     60.175     60.175     60.175     60.175           0
Fri 01-17-2020     61.514     61.514     61.514     61.514           0
Thu 01-16-2020     61.917     61.917     61.917     61.917           0
Wed 01-15-2020     59.721     59.721     59.721     59.721           0
Tue 01-14-2020     58.766     58.766     58.766     58.766           0
Mon 01-13-2020     57.766     57.766     57.766     57.766           0
Fri 01-10-2020     56.889     56.889     56.889     56.889           0
Thu 01-09-2020     57.240     57.240     57.240     57.240           0
Wed 01-08-2020     56.791     56.791     56.791     56.791           0
Tue 01-07-2020     56.542     56.542     56.542     56.542           0
Mon 01-06-2020     57.046     57.046     57.046     57.046           0
Fri 01-03-2020     56.342     56.342     56.342     56.342           0
Thu 01-02-2020     57.083     57.083     57.083     57.083           0
Tue 12-31-2019     55.725     55.725     55.725     55.725           0
Mon 12-30-2019     55.385     55.385     55.385     55.385           0
Fri 12-27-2019     56.203     56.203     56.203     56.203           0
Thu 12-26-2019     57.426     57.426     57.426     57.426           0
Tue 12-24-2019     58.070     58.070     58.070     58.070           0
Mon 12-23-2019     57.309     57.309     57.309     57.309           0
Fri 12-20-2019     56.459     56.459     56.459     56.459           0
Thu 12-19-2019     56.496     56.496     56.496     56.496           0
Wed 12-18-2019     56.039     56.039     56.039     56.039           0
Tue 12-17-2019     55.813     55.813     55.813     55.813           0
Mon 12-16-2019     56.247     56.247     56.247     56.247           0
Fri 12-13-2019     54.877     54.877     54.877     54.877           0
Thu 12-12-2019     54.550     54.550     54.550     54.550           0
Wed 12-11-2019     53.417     53.417     53.417     53.417           0
Tue 12-10-2019     52.928     52.928     52.928     52.928           0
Mon 12-09-2019     52.692     52.692     52.692     52.692           0
Fri 12-06-2019     53.128     53.128     53.128     53.128           0
Thu 12-05-2019     51.485     51.485     51.485     51.485           0
Wed 12-04-2019     52.042     52.042     52.042     52.042           0
Tue 12-03-2019     51.249     51.249     51.249     51.249           0
Mon 12-02-2019     51.960     51.960     51.960     51.960           0
Fri 11-29-2019     53.097     53.097     53.097     53.097           0
Wed 11-27-2019     53.977     53.977     53.977     53.977           0
Tue 11-26-2019     52.739     52.739     52.739     52.739           0
Mon 11-25-2019     53.141     53.141     53.141     53.141           0
Fri 11-22-2019     50.223     50.223     50.223     50.223           0
Thu 11-21-2019     49.276     49.276     49.276     49.276           0
Wed 11-20-2019     50.056     50.056     50.056     50.056           0
Tue 11-19-2019     50.538     50.538     50.538     50.538           0
Mon 11-18-2019     49.944     49.944     49.944     49.944           0
Fri 11-15-2019     50.000     50.000     50.000     50.000           0
Thu 11-14-2019     49.151     49.151     49.151     49.151           0
Wed 11-13-2019     49.318     49.318     49.318     49.318           0
Tue 11-12-2019     49.541     49.541     49.541     49.541           0
Mon 11-11-2019     49.515     49.515     49.515     49.515           0
Fri 11-08-2019     49.601     49.601     49.601     49.601           0
Thu 11-07-2019     48.836     48.836     48.836     48.836           0
Wed 11-06-2019     48.488     48.488     48.488     48.488           0
Tue 11-05-2019     50.602     50.602     50.602     50.602           0
Mon 11-04-2019     49.162     49.162     49.162     49.162           0
Fri 11-01-2019     48.716     48.716     48.716     48.716           0
Thu 10-31-2019     45.206     45.206     45.206     45.206           0
Wed 10-30-2019     46.800     46.800     46.800     46.800           0
Tue 10-29-2019     47.488     47.488     47.488     47.488           0
Mon 10-28-2019     47.267     47.267     47.267     47.267           0
Fri 10-25-2019     45.833     45.833     45.833     45.833           0
Thu 10-24-2019     44.579     44.579     44.579     44.579           0
Wed 10-23-2019     45.003     45.003     45.003     45.003           0
Tue 10-22-2019     45.245     45.245     45.245     45.245           0
Mon 10-21-2019     45.752     45.752     45.752     45.752           0
Fri 10-18-2019     43.308     43.308     43.308     43.308           0
Thu 10-17-2019     44.621     44.621     44.621     44.621           0
Wed 10-16-2019     43.010     43.010     43.010     43.010           0
Tue 10-15-2019     42.857     42.857     42.857     42.857           0
Mon 10-14-2019     40.732     40.732     40.732     40.732           0
Fri 10-11-2019     40.978     40.978     40.978     40.978           0
Thu 10-10-2019     37.809     37.809     37.809     37.809           0
Wed 10-09-2019     37.191     37.191     37.191     37.191           0
Tue 10-08-2019     36.713     36.713     36.713     36.713           0
Mon 10-07-2019     40.433     40.433     40.433     40.433           0
Fri 10-04-2019     40.573     40.573     40.573     40.573           0
Thu 10-03-2019     38.898     38.898     38.898     38.898           0
Wed 10-02-2019     37.747     37.747     37.747     37.747           0
Tue 10-01-2019     40.176     40.176     40.176     40.176           0
Mon 09-30-2019     44.009     44.009     44.009     44.009           0
Fri 09-27-2019     43.387     43.387     43.387     43.387           0
Thu 09-26-2019     45.369     45.369     45.369     45.369           0
Wed 09-25-2019     48.424     48.424     48.424     48.424           0
Tue 09-24-2019     47.302     47.302     47.302     47.302           0
Mon 09-23-2019     50.991     50.991     50.991     50.991           0
Fri 09-20-2019     51.462     51.462     51.462     51.462           0
Thu 09-19-2019     51.866     51.866     51.866     51.866           0
Wed 09-18-2019     52.339     52.339     52.339     52.339           0
Tue 09-17-2019     53.571     53.571     53.571     53.571           0
Mon 09-16-2019     54.525     54.525     54.525     54.525           0
Fri 09-13-2019     53.416     53.416     53.416     53.416           0
Thu 09-12-2019     52.563     52.563     52.563     52.563           0
Wed 09-11-2019     52.709     52.709     52.709     52.709           0
Tue 09-10-2019     49.091     49.091     49.091     49.091           0
Mon 09-09-2019     46.290     46.290     46.290     46.290           0
Fri 09-06-2019     44.318     44.318     44.318     44.318           0
Thu 09-05-2019     44.463     44.463     44.463     44.463           0
Wed 09-04-2019     40.873     40.873     40.873     40.873           0
Tue 09-03-2019     39.049     39.049     39.049     39.049           0
Fri 08-30-2019     42.206     42.206     42.206     42.206           0
Thu 08-29-2019     42.182     42.182     42.182     42.182           0
Wed 08-28-2019     39.272     39.272     39.272     39.272           0
Tue 08-27-2019     37.827     37.827     37.827     37.827           0
Mon 08-26-2019     39.710     39.710     39.710     39.710           0
Fri 08-23-2019     38.153     38.153     38.153     38.153           0
Thu 08-22-2019     43.924     43.924     43.924     43.924           0
Wed 08-21-2019     43.917     43.917     43.917     43.917           0
Tue 08-20-2019     42.170     42.170     42.170     42.170           0
Mon 08-19-2019     43.454     43.454     43.454     43.454           0
Fri 08-16-2019     41.206     41.206     41.206     41.206           0
Thu 08-15-2019     37.954     37.954     37.954     37.954           0
Wed 08-14-2019     38.702     38.702     38.702     38.702           0
Tue 08-13-2019     43.953     43.953     43.953     43.953           0
Fri 08-09-2019     44.755     44.755     44.755     44.755           0
Thu 08-08-2019     46.502     46.502     46.502     46.502           0
Wed 08-07-2019     42.697     42.697     42.697     42.697           0
Tue 08-06-2019     42.978     42.978     42.978     42.978           0
Mon 08-05-2019     43.532     43.532     43.532     43.532           0
Fri 08-02-2019     47.455     47.455     47.455     47.455           0
Thu 08-01-2019     48.977     48.977     48.977     48.977           0
Wed 07-31-2019     52.389     52.389     52.389     52.389           0
Tue 07-30-2019     53.398     53.398     53.398     53.398           0
Mon 07-29-2019     52.292     52.292     52.292     52.292           0
Fri 07-26-2019     53.133     53.133     53.133     53.133           0
Thu 07-25-2019     50.814     50.814     50.814     50.814           0
Wed 07-24-2019     53.062     53.062     53.062     53.062           0
Tue 07-23-2019     50.081     50.081     50.081     50.081           0
Mon 07-22-2019     49.297     49.297     49.297     49.297           0
Fri 07-19-2019     49.066     49.066     49.066     49.066           0
Thu 07-18-2019     49.467     49.467     49.467     49.467           0
Wed 07-17-2019     49.120     49.120     49.120     49.120           0
Tue 07-16-2019     49.146     49.146     49.146     49.146           0
Mon 07-15-2019     49.681     49.681     49.681     49.681           0
Fri 07-12-2019     50.482     50.482     50.482     50.482           0
Thu 07-11-2019     49.300     49.300     49.300     49.300           0
Wed 07-10-2019     49.946     49.946     49.946     49.946           0
Tue 07-09-2019     49.867     49.867     49.867     49.867           0
Mon 07-08-2019     48.666     48.666     48.666     48.666           0
Fri 07-05-2019     50.481     50.481     50.481     50.481           0
Wed 07-03-2019     50.053     50.053     50.053     50.053           0
Tue 07-02-2019     49.074     49.074     49.074     49.074           0
Mon 07-01-2019     50.079     50.079     50.079     50.079           0
Fri 06-28-2019     49.311     49.311     49.311     49.311           0
Thu 06-27-2019     46.510     46.510     46.510     46.510           0
Wed 06-26-2019     43.464     43.464     43.464     43.464           0
Tue 06-25-2019     43.974     43.974     43.974     43.974           0
Mon 06-24-2019     44.348     44.348     44.348     44.348           0
Fri 06-21-2019     46.125     46.125     46.125     46.125           0
Thu 06-20-2019     46.828     46.828     46.828     46.828           0
Wed 06-19-2019     45.732     45.732     45.732     45.732           0
Tue 06-18-2019     44.272     44.272     44.272     44.272           0
Mon 06-17-2019     41.722     41.722     41.722     41.722           0
Fri 06-14-2019     40.454     40.454     40.454     40.454           0
Thu 06-13-2019     41.759     41.759     41.759     41.759           0
Wed 06-12-2019     40.410     40.410     40.410     40.410           0
Tue 06-11-2019     40.289     40.289     40.289     40.289           0
Mon 06-10-2019     40.077     40.077     40.077     40.077           0
Fri 06-07-2019     39.250     39.250     39.250     39.250           0
Thu 06-06-2019     37.528     37.528     37.528     37.528           0
Wed 06-05-2019     38.082     38.082     38.082     38.082           0
Tue 06-04-2019     38.330     38.330     38.330     38.330           0
Mon 06-03-2019     33.721     33.721     33.721     33.721           0
Fri 05-31-2019     34.575     34.575     34.575     34.575           0
Thu 05-30-2019     37.138     37.138     37.138     37.138           0
Wed 05-29-2019     36.866     36.866     36.866     36.866           0
Tue 05-28-2019     37.598     37.598     37.598     37.598           0
Fri 05-24-2019     38.711     38.711     38.711     38.711           0
Thu 05-23-2019     37.970     37.970     37.970     37.970           0
Wed 05-22-2019     42.200     42.200     42.200     42.200           0
Tue 05-21-2019     44.263     44.263     44.263     44.263           0
Mon 05-20-2019     41.859     41.859     41.859     41.859           0
Fri 05-17-2019     43.305     43.305     43.305     43.305           0
Thu 05-16-2019     44.695     44.695     44.695     44.695           0
Wed 05-15-2019     45.167     45.167     45.167     45.167           0
Tue 05-14-2019     43.934     43.934     43.934     43.934           0
Mon 05-13-2019     40.499     40.499     40.499     40.499           0
Fri 05-10-2019     47.821     47.821     47.821     47.821           0
Thu 05-09-2019     46.617     46.617     46.617     46.617           0
Wed 05-08-2019     48.032     48.032     48.032     48.032           0
Tue 05-07-2019     48.711     48.711     48.711     48.711           0
Mon 05-06-2019     51.782     51.782     51.782     51.782           0
Fri 05-03-2019     51.858     51.858     51.858     51.858           0
Thu 05-02-2019     48.428     48.428     48.428     48.428           0
Wed 05-01-2019     48.402     48.402     48.402     48.402           0
Tue 04-30-2019     49.544     49.544     49.544     49.544           0
Mon 04-29-2019     50.799     50.799     50.799     50.799           0
Fri 04-26-2019     49.801     49.801     49.801     49.801           0
Thu 04-25-2019     48.699     48.699     48.699     48.699           0
Wed 04-24-2019     49.351     49.351     49.351     49.351           0
Tue 04-23-2019     49.297     49.297     49.297     49.297           0
Mon 04-22-2019     46.119     46.119     46.119     46.119           0
Thu 04-18-2019     45.745     45.745     45.745     45.745           0
Wed 04-17-2019     46.417     46.417     46.417     46.417           0
Tue 04-16-2019     48.745     48.745     48.745     48.745           0
Mon 04-15-2019     47.131     47.131     47.131     47.131           0
Fri 04-12-2019     47.479     47.479     47.479     47.479           0
Thu 04-11-2019     47.357     47.357     47.357     47.357           0
Wed 04-10-2019     47.694     47.694     47.694     47.694           0
Tue 04-09-2019     46.233     46.233     46.233     46.233           0
Mon 04-08-2019     48.375     48.375     48.375     48.375           0
Fri 04-05-2019     48.483     48.483     48.483     48.483           0
Thu 04-04-2019     46.475     46.475     46.475     46.475           0
Wed 04-03-2019     46.004     46.004     46.004     46.004           0
Tue 04-02-2019     44.690     44.690     44.690     44.690           0
Mon 04-01-2019     44.007     44.007     44.007     44.007           0
Fri 03-29-2019     41.748     41.748     41.748     41.748           0
Thu 03-28-2019     40.889     40.889     40.889     40.889           0
Wed 03-27-2019     40.054     40.054     40.054     40.054           0
Tue 03-26-2019     41.122     41.122     41.122     41.122           0
Mon 03-25-2019     39.074     39.074     39.074     39.074           0
Fri 03-22-2019     39.468     39.468     39.468     39.468           0
Thu 03-21-2019     44.951     44.951     44.951     44.951           0
Wed 03-20-2019     43.386     43.386     43.386     43.386           0
Tue 03-19-2019     44.275     44.275     44.275     44.275           0
Mon 03-18-2019     45.003     45.003     45.003     45.003           0
Fri 03-15-2019     43.512     43.512     43.512     43.512           0
Thu 03-14-2019     42.534     42.534     42.534     42.534           0
Wed 03-13-2019     42.952     42.952     42.952     42.952           0
Tue 03-12-2019     42.556     42.556     42.556     42.556           0
Mon 03-11-2019     42.237     42.237     42.237     42.237           0
Fri 03-08-2019     38.061     38.061     38.061     38.061           0
Thu 03-07-2019     39.155     39.155     39.155     39.155           0
Wed 03-06-2019     41.336     41.336     41.336     41.336           0
Tue 03-05-2019     44.615     44.615     44.615     44.615           0
Mon 03-04-2019     45.757     45.757     45.757     45.757           0
Fri 03-01-2019     46.486     46.486     46.486     46.486           0
Thu 02-28-2019     45.057     45.057     45.057     45.057           0
Wed 02-27-2019     45.616     45.616     45.616     45.616           0
Tue 02-26-2019     45.261     45.261     45.261     45.261           0
Mon 02-25-2019     46.686     46.686     46.686     46.686           0
Fri 02-22-2019     46.216     46.216     46.216     46.216           0
Thu 02-21-2019     43.739     43.739     43.739     43.739           0
Wed 02-20-2019     45.133     45.133     45.133     45.133           0
Tue 02-19-2019     43.264     43.264     43.264     43.264           0
Fri 02-15-2019     42.882     42.882     42.882     42.882           0
Thu 02-14-2019     40.581     40.581     40.581     40.581           0
Wed 02-13-2019     39.814     39.814     39.814     39.814           0
Tue 02-12-2019     38.947     38.947     38.947     38.947           0
Mon 02-11-2019     36.190     36.190     36.190     36.190           0
Fri 02-08-2019     34.296     34.296     34.296     34.296           0
Thu 02-07-2019     35.066     35.066     35.066     35.066           0
Wed 02-06-2019     37.694     37.694     37.694     37.694           0
Tue 02-05-2019     37.565     37.565     37.565     37.565           0
Mon 02-04-2019     36.364     36.364     36.364     36.364           0
Fri 02-01-2019     33.372     33.372     33.372     33.372           0
Thu 01-31-2019     31.748     31.748     31.748     31.748           0
Wed 01-30-2019     29.994     29.994     29.994     29.994           0
Tue 01-29-2019     27.514     27.514     27.514     27.514           0
Mon 01-28-2019     28.018     28.018     28.018     28.018           0
Fri 01-25-2019     29.009     29.009     29.009     29.009           0
Thu 01-24-2019     25.926     25.926     25.926     25.926           0
Wed 01-23-2019     25.375     25.375     25.375     25.375           0
Tue 01-22-2019     24.973     24.973     24.973     24.973           0
Fri 01-18-2019     27.458     27.458     27.458     27.458           0
Thu 01-17-2019     24.973     24.973     24.973     24.973           0
Wed 01-16-2019     23.743     23.743     23.743     23.743           0
Tue 01-15-2019     23.073     23.073     23.073     23.073           0
Mon 01-14-2019     21.774     21.774     21.774     21.774           0
Fri 01-11-2019     23.579     23.579     23.579     23.579           0
Thu 01-10-2019     23.517     23.517     23.517     23.517           0
Wed 01-09-2019     22.263     22.263     22.263     22.263           0
Tue 01-08-2019     21.576     21.576     21.576     21.576           0
Mon 01-07-2019     19.483     19.483     19.483     19.483           0
Fri 01-04-2019     17.566     17.566     17.566     17.566           0
Thu 01-03-2019     14.014     14.014     14.014     14.014           0
Wed 01-02-2019     15.153     15.153     15.153     15.153           0
Mon 12-31-2018     15.142     15.142     15.142     15.142           0
Fri 12-28-2018     13.939     13.939     13.939     13.939           0
Thu 12-27-2018     13.685     13.685     13.685     13.685           0
Wed 12-26-2018     12.920     12.920     12.920     12.920           0
Mon 12-24-2018     10.108     10.108     10.108     10.108           0
Fri 12-21-2018     11.189     11.189     11.189     11.189           0
Thu 12-20-2018     13.296     13.296     13.296     13.296           0
Wed 12-19-2018     15.346     15.346     15.346     15.346           0
Tue 12-18-2018     16.863     16.863     16.863     16.863           0
Mon 12-17-2018     17.670     17.670     17.670     17.670           0
Fri 12-14-2018     20.645     20.645     20.645     20.645           0
Thu 12-13-2018     22.367     22.367     22.367     22.367           0
Wed 12-12-2018     24.378     24.378     24.378     24.378           0
Tue 12-11-2018     23.365     23.365     23.365     23.365           0
Mon 12-10-2018     23.221     23.221     23.221     23.221           0
Fri 12-07-2018     23.108     23.108     23.108     23.108           0
Thu 12-06-2018     25.669     25.669     25.669     25.669           0
Tue 12-04-2018     25.869     25.869     25.869     25.869           0
Mon 12-03-2018     33.467     33.467     33.467     33.467           0
Fri 11-30-2018     31.347     31.347     31.347     31.347           0
Thu 11-29-2018     30.092     30.092     30.092     30.092           0
Wed 11-28-2018     29.983     29.983     29.983     29.983           0
Tue 11-27-2018     25.778     25.778     25.778     25.778           0
Mon 11-26-2018     27.393     27.393     27.393     27.393           0
Fri 11-23-2018     26.207     26.207     26.207     26.207           0
Wed 11-21-2018     25.255     25.255     25.255     25.255           0
Tue 11-20-2018     23.619     23.619     23.619     23.619           0
Mon 11-19-2018     26.253     26.253     26.253     26.253           0
Fri 11-16-2018     29.815     29.815     29.815     29.815           0
Thu 11-15-2018     29.090     29.090     29.090     29.090           0
Wed 11-14-2018     27.080     27.080     27.080     27.080           0
Tue 11-13-2018     29.029     29.029     29.029     29.029           0
Mon 11-12-2018     29.435     29.435     29.435     29.435           0
Fri 11-09-2018     33.315     33.315     33.315     33.315           0
Thu 11-08-2018     36.167     36.167     36.167     36.167           0
Wed 11-07-2018     36.197     36.197     36.197     36.197           0
Tue 11-06-2018     33.833     33.833     33.833     33.833           0
Mon 11-05-2018     32.871     32.871     32.871     32.871           0
Fri 11-02-2018     32.888     32.888     32.888     32.888           0
Thu 11-01-2018     33.074     33.074     33.074     33.074           0
Wed 10-31-2018     28.199     28.199     28.199     28.199           0
Tue 10-30-2018     27.510     27.510     27.510     27.510           0
Mon 10-29-2018     24.751     24.751     24.751     24.751           0
Fri 10-26-2018     26.246     26.246     26.246     26.246           0
Thu 10-25-2018     27.479     27.479     27.479     27.479           0
Wed 10-24-2018     25.250     25.250     25.250     25.250           0
Tue 10-23-2018     30.886     30.886     30.886     30.886           0
Mon 10-22-2018     32.101     32.101     32.101     32.101           0
Fri 10-19-2018     32.528     32.528     32.528     32.528           0
Thu 10-18-2018     34.382     34.382     34.382     34.382           0
Wed 10-17-2018     36.976     36.976     36.976     36.976           0
Tue 10-16-2018     37.031     37.031     37.031     37.031           0
Mon 10-15-2018     32.337     32.337     32.337     32.337           0
Fri 10-12-2018     32.169     32.169     32.169     32.169           0
Thu 10-11-2018     30.778     30.778     30.778     30.778           0
Wed 10-10-2018     34.902     34.902     34.902     34.902           0
Tue 10-09-2018     40.994     40.994     40.994     40.994           0
Mon 10-08-2018     41.821     41.821     41.821     41.821           0
Fri 10-05-2018     42.849     42.849     42.849     42.849           0
Thu 10-04-2018     44.952     44.952     44.952     44.952           0
Wed 10-03-2018     48.045     48.045     48.045     48.045           0
Tue 10-02-2018     45.958     45.958     45.958     45.958           0
Mon 10-01-2018     46.870     46.870     46.870     46.870           0
Fri 09-28-2018     49.126     49.126     49.126     49.126           0
Thu 09-27-2018     49.632     49.632     49.632     49.632           0
Wed 09-26-2018     49.576     49.576     49.576     49.576           0
Tue 09-25-2018     51.111     51.111     51.111     51.111           0
Mon 09-24-2018     51.570     51.570     51.570     51.570           0
Fri 09-21-2018     52.514     52.514     52.514     52.514           0
Thu 09-20-2018     53.131     53.131     53.131     53.131           0
Wed 09-19-2018     51.172     51.172     51.172     51.172           0
Tue 09-18-2018     51.672     51.672     51.672     51.672           0
Mon 09-17-2018     50.410     50.410     50.410     50.410           0
Fri 09-14-2018     51.885     51.885     51.885     51.885           0
Thu 09-13-2018     51.787     51.787     51.787     51.787           0
Wed 09-12-2018     51.813     51.813     51.813     51.813           0
Tue 09-11-2018     52.197     52.197     52.197     52.197           0
Mon 09-10-2018     53.131     53.131     53.131     53.131           0
Fri 09-07-2018     53.107     53.107     53.107     53.107           0
Thu 09-06-2018     54.021     54.021     54.021     54.021           0
Wed 09-05-2018     55.639     55.639     55.639     55.639           0
Tue 09-04-2018     55.981     55.981     55.981     55.981           0
Fri 08-31-2018     57.160     57.160     57.160     57.160           0
Thu 08-30-2018     56.395     56.395     56.395     56.395           0
Wed 08-29-2018     57.813     57.813     57.813     57.813           0
Tue 08-28-2018     57.019     57.019     57.019     57.019           0
Mon 08-27-2018     56.805     56.805     56.805     56.805           0
Fri 08-24-2018     55.652     55.652     55.652     55.652           0
Thu 08-23-2018     55.192     55.192     55.192     55.192           0
Wed 08-22-2018     56.602     56.602     56.602     56.602           0
Tue 08-21-2018     55.345     55.345     55.345     55.345           0
Mon 08-20-2018     54.504     54.504     54.504     54.504           0
Fri 08-17-2018     53.524     53.524     53.524     53.524           0
Thu 08-16-2018     53.379     53.379     53.379     53.379           0
Wed 08-15-2018     51.633     51.633     51.633     51.633           0
Tue 08-14-2018     54.015     54.015     54.015     54.015           0
Mon 08-13-2018     52.873     52.873     52.873     52.873           0
Fri 08-10-2018     54.302     54.302     54.302     54.302           0
Thu 08-09-2018     55.303     55.303     55.303     55.303           0
Wed 08-08-2018     54.498     54.498     54.498     54.498           0
Tue 08-07-2018     54.008     54.008     54.008     54.008           0
Mon 08-06-2018     54.524     54.524     54.524     54.524           0
Fri 08-03-2018     53.248     53.248     53.248     53.248           0
Thu 08-02-2018     53.966     53.966     53.966     53.966           0
Wed 08-01-2018     52.917     52.917     52.917     52.917           0
Tue 07-31-2018     52.539     52.539     52.539     52.539           0
Mon 07-30-2018     51.984     51.984     51.984     51.984           0
Fri 07-27-2018     53.586     53.586     53.586     53.586           0
Thu 07-26-2018     56.315     56.315     56.315     56.315           0
Wed 07-25-2018     56.192     56.192     56.192     56.192           0
Tue 07-24-2018     56.567     56.567     56.567     56.567           0
Mon 07-23-2018     57.982     57.982     57.982     57.982           0
Fri 07-20-2018     58.081     58.081     58.081     58.081           0
Thu 07-19-2018     58.434     58.434     58.434     58.434           0
Wed 07-18-2018     57.591     57.591     57.591     57.591           0
Tue 07-17-2018     57.817     57.817     57.817     57.817           0
Mon 07-16-2018     56.417     56.417     56.417     56.417           0
Fri 07-13-2018     57.251     57.251     57.251     57.251           0
Thu 07-12-2018     57.790     57.790     57.790     57.790           0
Wed 07-11-2018     57.496     57.496     57.496     57.496           0
Tue 07-10-2018     59.174     59.174     59.174     59.174           0
Mon 07-09-2018     59.269     59.269     59.269     59.269           0
Fri 07-06-2018     58.351     58.351     58.351     58.351           0
Thu 07-05-2018     56.782     56.782     56.782     56.782           0
Tue 07-03-2018     54.927     54.927     54.927     54.927           0
Mon 07-02-2018     54.789     54.789     54.789     54.789           0
Fri 06-29-2018     53.426     53.426     53.426     53.426           0
Thu 06-28-2018     53.301     53.301     53.301     53.301           0
Wed 06-27-2018     52.561     52.561     52.561     52.561           0
Tue 06-26-2018     56.357     56.357     56.357     56.357           0
Mon 06-25-2018     55.859     55.859     55.859     55.859           0
Fri 06-22-2018     59.427     59.427     59.427     59.427           0
Thu 06-21-2018     58.504     58.504     58.504     58.504           0
Wed 06-20-2018     61.092     61.092     61.092     61.092           0
Tue 06-19-2018     60.100     60.100     60.100     60.100           0
Mon 06-18-2018     59.955     59.955     59.955     59.955           0
Fri 06-15-2018     59.576     59.576     59.576     59.576           0
Thu 06-14-2018     60.371     60.371     60.371     60.371           0
Wed 06-13-2018     60.022     60.022     60.022     60.022           0
Tue 06-12-2018     61.672     61.672     61.672     61.672           0
Mon 06-11-2018     60.146     60.146     60.146     60.146           0
Fri 06-08-2018     59.650     59.650     59.650     59.650           0
Thu 06-07-2018     58.840     58.840     58.840     58.840           0
Wed 06-06-2018     60.326     60.326     60.326     60.326           0
Tue 06-05-2018     59.333     59.333     59.333     59.333           0
Mon 06-04-2018     58.220     58.220     58.220     58.220           0
Fri 06-01-2018     57.856     57.856     57.856     57.856           0
Thu 05-31-2018     57.183     57.183     57.183     57.183           0
Wed 05-30-2018     58.333     58.333     58.333     58.333           0
Tue 05-29-2018     56.343     56.343     56.343     56.343           0
Fri 05-25-2018     57.738     57.738     57.738     57.738           0
Thu 05-24-2018     57.364     57.364     57.364     57.364           0
Wed 05-23-2018     57.513     57.513     57.513     57.513           0
Tue 05-22-2018     57.209     57.209     57.209     57.209           0
Mon 05-21-2018     58.382     58.382     58.382     58.382           0
Fri 05-18-2018     58.232     58.232     58.232     58.232           0
Thu 05-17-2018     57.739     57.739     57.739     57.739           0
Wed 05-16-2018     57.101     57.101     57.101     57.101           0
Tue 05-15-2018     56.096     56.096     56.096     56.096           0
Mon 05-14-2018     55.777     55.777     55.777     55.777           0
Fri 05-11-2018     55.183     55.183     55.183     55.183           0
Thu 05-10-2018     54.959     54.959     54.959     54.959           0
Wed 05-09-2018     53.424     53.424     53.424     53.424           0
Tue 05-08-2018     52.156     52.156     52.156     52.156           0
Mon 05-07-2018     52.523     52.523     52.523     52.523           0
Fri 05-04-2018     50.764     50.764     50.764     50.764           0
Thu 05-03-2018     48.315     48.315     48.315     48.315           0
Wed 05-02-2018     49.911     49.911     49.911     49.911           0
Tue 05-01-2018     49.675     49.675     49.675     49.675           0
Mon 04-30-2018     48.968     48.968     48.968     48.968           0
Fri 04-27-2018     51.178     51.178     51.178     51.178           0
Thu 04-26-2018     52.110     52.110     52.110     52.110           0
Wed 04-25-2018     50.526     50.526     50.526     50.526           0
Tue 04-24-2018     51.628     51.628     51.628     51.628           0
Mon 04-23-2018     53.501     53.501     53.501     53.501           0
Fri 04-20-2018     53.623     53.623     53.623     53.623           0
Thu 04-19-2018     54.477     54.477     54.477     54.477           0
Wed 04-18-2018     55.639     55.639     55.639     55.639           0
Tue 04-17-2018     55.151     55.151     55.151     55.151           0
Mon 04-16-2018     53.549     53.549     53.549     53.549           0
Fri 04-13-2018     51.507     51.507     51.507     51.507           0
Thu 04-12-2018     52.944     52.944     52.944     52.944           0
Wed 04-11-2018     51.383     51.383     51.383     51.383           0
Tue 04-10-2018     50.648     50.648     50.648     50.648           0
Mon 04-09-2018     47.214     47.214     47.214     47.214           0
Fri 04-06-2018     47.138     47.138     47.138     47.138           0
Thu 04-05-2018     51.262     51.262     51.262     51.262           0
Wed 04-04-2018     50.840     50.840     50.840     50.840           0
Tue 04-03-2018     47.295     47.295     47.295     47.295           0
Mon 04-02-2018     44.880     44.880     44.880     44.880           0
Thu 03-29-2018     48.712     48.712     48.712     48.712           0
Wed 03-28-2018     47.555     47.555     47.555     47.555           0
Tue 03-27-2018     47.528     47.528     47.528     47.528           0
Mon 03-26-2018     52.201     52.201     52.201     52.201           0
Fri 03-23-2018     47.522     47.522     47.522     47.522           0
Thu 03-22-2018     53.262     53.262     53.262     53.262           0
Wed 03-21-2018     56.933     56.933     56.933     56.933           0
Tue 03-20-2018     55.743     55.743     55.743     55.743           0
Mon 03-19-2018     56.925     56.925     56.925     56.925           0
Fri 03-16-2018     58.744     58.744     58.744     58.744           0
Thu 03-15-2018     57.862     57.862     57.862     57.862           0
Wed 03-14-2018     59.083     59.083     59.083     59.083           0
Tue 03-13-2018     60.035     60.035     60.035     60.035           0
Mon 03-12-2018     60.922     60.922     60.922     60.922           0
Fri 03-09-2018     60.334     60.334     60.334     60.334           0
Thu 03-08-2018     58.357     58.357     58.357     58.357           0
Wed 03-07-2018     58.362     58.362     58.362     58.362           0
Tue 03-06-2018     57.572     57.572     57.572     57.572           0
Mon 03-05-2018     56.342     56.342     56.342     56.342           0
Fri 03-02-2018     54.458     54.458     54.458     54.458           0
Thu 03-01-2018     51.779     51.779     51.779     51.779           0
Wed 02-28-2018     52.679     52.679     52.679     52.679           0
Tue 02-27-2018     55.250     55.250     55.250     55.250           0
Mon 02-26-2018     57.735     57.735     57.735     57.735           0
Fri 02-23-2018     56.702     56.702     56.702     56.702           0
Thu 02-22-2018     54.393     54.393     54.393     54.393           0
Wed 02-21-2018     55.779     55.779     55.779     55.779           0
Tue 02-20-2018     55.648     55.648     55.648     55.648           0
Fri 02-16-2018     57.645     57.645     57.645     57.645           0
Thu 02-15-2018     56.817     56.817     56.817     56.817           0
Wed 02-14-2018     55.539     55.539     55.539     55.539           0
Tue 02-13-2018     52.127     52.127     52.127     52.127           0
Mon 02-12-2018     51.298     51.298     51.298     51.298           0
Fri 02-09-2018     48.551     48.551     48.551     48.551           0
Thu 02-08-2018     46.411     46.411     46.411     46.411           0
Wed 02-07-2018     54.171     54.171     54.171     54.171           0
Tue 02-06-2018     53.947     53.947     53.947     53.947           0
Mon 02-05-2018     50.933     50.933     50.933     50.933           0
Fri 02-02-2018     58.645     58.645     58.645     58.645           0
Thu 02-01-2018     62.219     62.219     62.219     62.219           0
Wed 01-31-2018     62.315     62.315     62.315     62.315           0
Tue 01-30-2018     63.268     63.268     63.268     63.268           0
Mon 01-29-2018     64.926     64.926     64.926     64.926           0
Fri 01-26-2018     66.172     66.172     66.172     66.172           0
Thu 01-25-2018     65.549     65.549     65.549     65.549           0
Wed 01-24-2018     65.088     65.088     65.088     65.088           0
Tue 01-23-2018     66.023     66.023     66.023     66.023           0
Mon 01-22-2018     65.253     65.253     65.253     65.253           0
Fri 01-19-2018     64.349     64.349     64.349     64.349           0
Thu 01-18-2018     62.908     62.908     62.908     62.908           0
Wed 01-17-2018     64.333     64.333     64.333     64.333           0
Tue 01-16-2018     63.815     63.815     63.815     63.815           0
Fri 01-12-2018     65.326     65.326     65.326     65.326           0
Thu 01-11-2018     64.655     64.655     64.655     64.655           0
Wed 01-10-2018     62.507     62.507     62.507     62.507           0
Tue 01-09-2018     62.459     62.459     62.459     62.459           0
Mon 01-08-2018     62.227     62.227     62.227     62.227           0
Fri 01-05-2018     62.097     62.097     62.097     62.097           0
Thu 01-04-2018     61.959     61.959     61.959     61.959           0
Wed 01-03-2018     61.907     61.907     61.907     61.907           0
Tue 01-02-2018     60.330     60.330     60.330     60.330           0
Fri 12-29-2017     58.798     58.798     58.798     58.798           0
Thu 12-28-2017     59.967     59.967     59.967     59.967           0
Wed 12-27-2017     59.471     59.471     59.471     59.471           0
Tue 12-26-2017     59.725     59.725     59.725     59.725           0
Fri 12-22-2017     59.802     59.802     59.802     59.802           0
Thu 12-21-2017     60.475     60.475     60.475     60.475           0
Wed 12-20-2017     59.745     59.745     59.745     59.745           0
Tue 12-19-2017     59.114     59.114     59.114     59.114           0
Mon 12-18-2017     60.714     60.714     60.714     60.714           0
Fri 12-15-2017     59.497     59.497     59.497     59.497           0
Thu 12-14-2017     57.054     57.054     57.054     57.054           0
Wed 12-13-2017     58.677     58.677     58.677     58.677           0
Tue 12-12-2017     57.679     57.679     57.679     57.679           0
Mon 12-11-2017     58.182     58.182     58.182     58.182           0
Fri 12-08-2017     58.101     58.101     58.101     58.101           0
Thu 12-07-2017     57.612     57.612     57.612     57.612           0
Wed 12-06-2017     56.957     56.957     56.957     56.957           0
Tue 12-05-2017     57.731     57.731     57.731     57.731           0
Mon 12-04-2017     58.658     58.658     58.658     58.658           0
Fri 12-01-2017     59.717     59.717     59.717     59.717           0
Thu 11-30-2017     60.803     60.803     60.803     60.803           0
Wed 11-29-2017     60.956     60.956     60.956     60.956           0
Tue 11-28-2017     59.943     59.943     59.943     59.943           0
Mon 11-27-2017     58.142     58.142     58.142     58.142           0
Fri 11-24-2017     59.093     59.093     59.093     59.093           0
Wed 11-22-2017     58.874     58.874     58.874     58.874           0
Tue 11-21-2017     58.224     58.224     58.224     58.224           0
Mon 11-20-2017     57.192     57.192     57.192     57.192           0
Fri 11-17-2017     56.897     56.897     56.897     56.897           0
Thu 11-16-2017     55.314     55.314     55.314     55.314           0
Wed 11-15-2017     53.114     53.114     53.114     53.114           0
Tue 11-14-2017     53.016     53.016     53.016     53.016           0
Mon 11-13-2017     53.530     53.530     53.530     53.530           0
Fri 11-10-2017     54.016     54.016     54.016     54.016           0
Thu 11-09-2017     53.953     53.953     53.953     53.953           0
Wed 11-08-2017     54.642     54.642     54.642     54.642           0
Tue 11-07-2017     55.027     55.027     55.027     55.027           0
Mon 11-06-2017     58.097     58.097     58.097     58.097           0
Fri 11-03-2017     57.531     57.531     57.531     57.531           0
Thu 11-02-2017     56.779     56.779     56.779     56.779           0
Wed 11-01-2017     57.287     57.287     57.287     57.287           0
Tue 10-31-2017     58.872     58.872     58.872     58.872           0
Mon 10-30-2017     58.358     58.358     58.358     58.358           0
Fri 10-27-2017     60.036     60.036     60.036     60.036           0
Thu 10-26-2017     58.653     58.653     58.653     58.653           0
Wed 10-25-2017     59.597     59.597     59.597     59.597           0
Tue 10-24-2017     60.721     60.721     60.721     60.721           0
Mon 10-23-2017     61.265     61.265     61.265     61.265           0
Fri 10-20-2017     62.271     62.271     62.271     62.271           0
Thu 10-19-2017     62.116     62.116     62.116     62.116           0
Wed 10-18-2017     62.433     62.433     62.433     62.433           0
Tue 10-17-2017     62.796     62.796     62.796     62.796           0
Mon 10-16-2017     63.124     63.124     63.124     63.124           0
Fri 10-13-2017     63.455     63.455     63.455     63.455           0
Thu 10-12-2017     63.783     63.783     63.783     63.783           0
Wed 10-11-2017     64.550     64.550     64.550     64.550           0
Tue 10-10-2017     64.784     64.784     64.784     64.784           0
Mon 10-09-2017     64.372     64.372     64.372     64.372           0
Fri 10-06-2017     65.745     65.745     65.745     65.745           0
Thu 10-05-2017     66.091     66.091     66.091     66.091           0
Wed 10-04-2017     64.669     64.669     64.669     64.669           0
Tue 10-03-2017     64.641     64.641     64.641     64.641           0
Mon 10-02-2017     64.794     64.794     64.794     64.794           0
Fri 09-29-2017     62.872     62.872     62.872     62.872           0
Thu 09-28-2017     61.349     61.349     61.349     61.349           0
Wed 09-27-2017     62.087     62.087     62.087     62.087           0
Tue 09-26-2017     59.015     59.015     59.015     59.015           0
Mon 09-25-2017     57.745     57.745     57.745     57.745           0
Fri 09-22-2017     57.356     57.356     57.356     57.356           0
Thu 09-21-2017     56.131     56.131     56.131     56.131           0
Wed 09-20-2017     56.504     56.504     56.504     56.504           0
Tue 09-19-2017     55.909     55.909     55.909     55.909           0
Mon 09-18-2017     55.650     55.650     55.650     55.650           0
Fri 09-15-2017     54.821     54.821     54.821     54.821           0
Thu 09-14-2017     54.417     54.417     54.417     54.417           0
Wed 09-13-2017     55.098     55.098     55.098     55.098           0
Tue 09-12-2017     54.300     54.300     54.300     54.300           0
Mon 09-11-2017     53.039     53.039     53.039     53.039           0
Fri 09-08-2017     52.059     52.059     52.059     52.059           0
Thu 09-07-2017     52.567     52.567     52.567     52.567           0
Wed 09-06-2017     52.948     52.948     52.948     52.948           0
Tue 09-05-2017     52.528     52.528     52.528     52.528           0
Fri 09-01-2017     54.084     54.084     54.084     54.084           0
Thu 08-31-2017     53.115     53.115     53.115     53.115           0
Wed 08-30-2017     51.140     51.140     51.140     51.140           0
Tue 08-29-2017     50.585     50.585     50.585     50.585           0
Mon 08-28-2017     50.123     50.123     50.123     50.123           0
Fri 08-25-2017     50.092     50.092     50.092     50.092           0
Thu 08-24-2017     49.510     49.510     49.510     49.510           0
Wed 08-23-2017     48.743     48.743     48.743     48.743           0
Tue 08-22-2017     49.022     49.022     49.022     49.022           0
Mon 08-21-2017     47.148     47.148     47.148     47.148           0
Fri 08-18-2017     47.723     47.723     47.723     47.723           0
Thu 08-17-2017     47.976     47.976     47.976     47.976           0
Wed 08-16-2017     51.814     51.814     51.814     51.814           0
Tue 08-15-2017     51.411     51.411     51.411     51.411           0
Mon 08-14-2017     53.181     53.181     53.181     53.181           0
Fri 08-11-2017     50.270     50.270     50.270     50.270           0
Thu 08-10-2017     49.639     49.639     49.639     49.639           0
Wed 08-09-2017     53.442     53.442     53.442     53.442           0
Tue 08-08-2017     55.738     55.738     55.738     55.738           0
Mon 08-07-2017     56.185     56.185     56.185     56.185           0
Fri 08-04-2017     56.357     56.357     56.357     56.357           0
Thu 08-03-2017     56.066     56.066     56.066     56.066           0
Wed 08-02-2017     57.134     57.134     57.134     57.134           0
Tue 08-01-2017     60.111     60.111     60.111     60.111           0
Mon 07-31-2017     60.513     60.513     60.513     60.513           0
Fri 07-28-2017     61.692     61.692     61.692     61.692           0
Thu 07-27-2017     61.768     61.768     61.768     61.768           0
Wed 07-26-2017     63.201     63.201     63.201     63.201           0
Tue 07-25-2017     64.072     64.072     64.072     64.072           0
Mon 07-24-2017     63.030     63.030     63.030     63.030           0
Fri 07-21-2017     62.552     62.552     62.552     62.552           0
Thu 07-20-2017     63.734     63.734     63.734     63.734           0
Wed 07-19-2017     62.835     62.835     62.835     62.835           0
Tue 07-18-2017     61.694     61.694     61.694     61.694           0
Mon 07-17-2017     62.612     62.612     62.612     62.612           0
Fri 07-14-2017     62.418     62.418     62.418     62.418           0
Thu 07-13-2017     62.908     62.908     62.908     62.908           0
Wed 07-12-2017     62.544     62.544     62.544     62.544           0
Tue 07-11-2017     60.628     60.628     60.628     60.628           0
Mon 07-10-2017     60.950     60.950     60.950     60.950           0
Fri 07-07-2017     61.370     61.370     61.370     61.370           0
Thu 07-06-2017     60.213     60.213     60.213     60.213           0
Wed 07-05-2017     61.989     61.989     61.989     61.989           0
Mon 07-03-2017     63.040     63.040     63.040     63.040           0
Fri 06-30-2017     61.444     61.444     61.444     61.444           0
Thu 06-29-2017     61.732     61.732     61.732     61.732           0
Wed 06-28-2017     63.013     63.013     63.013     63.013           0
Tue 06-27-2017     59.742     59.742     59.742     59.742           0
Mon 06-26-2017     62.061     62.061     62.061     62.061           0
Fri 06-23-2017     61.271     61.271     61.271     61.271           0
Thu 06-22-2017     59.854     59.854     59.854     59.854           0
Wed 06-21-2017     59.024     59.024     59.024     59.024           0
Tue 06-20-2017     59.169     59.169     59.169     59.169           0
Mon 06-19-2017     61.241     61.241     61.241     61.241           0
Fri 06-16-2017     59.293     59.293     59.293     59.293           0
Thu 06-15-2017     59.451     59.451     59.451     59.451           0
Wed 06-14-2017     60.949     60.949     60.949     60.949           0
Tue 06-13-2017     61.833     61.833     61.833     61.833           0
Mon 06-12-2017     60.990     60.990     60.990     60.990           0
Fri 06-09-2017     60.896     60.896     60.896     60.896           0
Thu 06-08-2017     60.109     60.109     60.109     60.109           0
Wed 06-07-2017     58.470     58.470     58.470     58.470           0
Tue 06-06-2017     57.850     57.850     57.850     57.850           0
Mon 06-05-2017     58.877     58.877     58.877     58.877           0
Fri 06-02-2017     60.253     60.253     60.253     60.253           0
Thu 06-01-2017     59.433     59.433     59.433     59.433           0
Wed 05-31-2017     55.361     55.361     55.361     55.361           0
Tue 05-30-2017     56.193     56.193     56.193     56.193           0
Fri 05-26-2017     57.933     57.933     57.933     57.933           0
Thu 05-25-2017     59.028     59.028     59.028     59.028           0
Wed 05-24-2017     57.835     57.835     57.835     57.835           0
Tue 05-23-2017     58.348     58.348     58.348     58.348           0
Mon 05-22-2017     58.343     58.343     58.343     58.343           0
Fri 05-19-2017     57.598     57.598     57.598     57.598           0
Thu 05-18-2017     56.783     56.783     56.783     56.783           0
Wed 05-17-2017     56.611     56.611     56.611     56.611           0
Tue 05-16-2017     61.118     61.118     61.118     61.118           0
Mon 05-15-2017     60.951     60.951     60.951     60.951           0
Fri 05-12-2017     60.457     60.457     60.457     60.457           0
Thu 05-11-2017     60.482     60.482     60.482     60.482           0
Wed 05-10-2017     61.603     61.603     61.603     61.603           0
Tue 05-09-2017     61.306     61.306     61.306     61.306           0
Mon 05-08-2017     60.888     60.888     60.888     60.888           0
Fri 05-05-2017     61.398     61.398     61.398     61.398           0
Thu 05-04-2017     60.498     60.498     60.498     60.498           0
Wed 05-03-2017     61.302     61.302     61.302     61.302           0
Tue 05-02-2017     63.253     63.253     63.253     63.253           0
Mon 05-01-2017     63.199     63.199     63.199     63.199           0
Fri 04-28-2017     63.023     63.023     63.023     63.023           0
Thu 04-27-2017     64.179     64.179     64.179     64.179           0
Wed 04-26-2017     64.628     64.628     64.628     64.628           0
Tue 04-25-2017     63.964     63.964     63.964     63.964           0
Mon 04-24-2017     63.180     63.180     63.180     63.180           0
Fri 04-21-2017     61.030     61.030     61.030     61.030           0
Thu 04-20-2017     61.520     61.520     61.520     61.520           0
Wed 04-19-2017     59.541     59.541     59.541     59.541           0
Tue 04-18-2017     59.179     59.179     59.179     59.179           0
Mon 04-17-2017     59.699     59.699     59.699     59.699           0
Thu 04-13-2017     57.738     57.738     57.738     57.738           0
Wed 04-12-2017     59.691     59.691     59.691     59.691           0
Tue 04-11-2017     61.913     61.913     61.913     61.913           0
Mon 04-10-2017     61.263     61.263     61.263     61.263           0
Fri 04-07-2017     61.273     61.273     61.273     61.273           0
Thu 04-06-2017     61.548     61.548     61.548     61.548           0
Wed 04-05-2017     60.238     60.238     60.238     60.238           0
Tue 04-04-2017     61.740     61.740     61.740     61.740           0
Mon 04-03-2017     62.716     62.716     62.716     62.716           0
Fri 03-31-2017     63.728     63.728     63.728     63.728           0
Thu 03-30-2017     63.271     63.271     63.271     63.271           0
Wed 03-29-2017     62.718     62.718     62.718     62.718           0
Tue 03-28-2017     60.995     60.995     60.995     60.995           0
Mon 03-27-2017     60.167     60.167     60.167     60.167           0
Fri 03-24-2017     60.574     60.574     60.574     60.574           0
Thu 03-23-2017     59.750     59.750     59.750     59.750           0
Wed 03-22-2017     58.224     58.224     58.224     58.224           0
Tue 03-21-2017     59.585     59.585     59.585     59.585           0
Mon 03-20-2017     63.529     63.529     63.529     63.529           0
Fri 03-17-2017     64.345     64.345     64.345     64.345           0
Thu 03-16-2017     63.381     63.381     63.381     63.381           0
Wed 03-15-2017     62.567     62.567     62.567     62.567           0
Tue 03-14-2017     59.952     59.952     59.952     59.952           0
Mon 03-13-2017     61.438     61.438     61.438     61.438           0
Fri 03-10-2017     60.818     60.818     60.818     60.818           0
Thu 03-09-2017     60.095     60.095     60.095     60.095           0
Wed 03-08-2017     60.251     60.251     60.251     60.251           0
Tue 03-07-2017     60.859     60.859     60.859     60.859           0
Mon 03-06-2017     61.364     61.364     61.364     61.364           0
Fri 03-03-2017     62.672     62.672     62.672     62.672           0
Thu 03-02-2017     63.101     63.101     63.101     63.101           0
Wed 03-01-2017     64.380     64.380     64.380     64.380           0
Tue 02-28-2017     62.809     62.809     62.809     62.809           0
Mon 02-27-2017     65.961     65.961     65.961     65.961           0
Fri 02-24-2017     64.489     64.489     64.489     64.489           0
Thu 02-23-2017     64.436     64.436     64.436     64.436           0
Wed 02-22-2017     65.983     65.983     65.983     65.983           0
Tue 02-21-2017     66.506     66.506     66.506     66.506           0
Fri 02-17-2017     65.818     65.818     65.818     65.818           0
Thu 02-16-2017     65.557     65.557     65.557     65.557           0
Wed 02-15-2017     66.022     66.022     66.022     66.022           0
Tue 02-14-2017     64.863     64.863     64.863     64.863           0
Mon 02-13-2017     64.338     64.338     64.338     64.338           0
Fri 02-10-2017     64.482     64.482     64.482     64.482           0
Thu 02-09-2017     63.103     63.103     63.103     63.103           0
Wed 02-08-2017     60.817     60.817     60.817     60.817           0
Tue 02-07-2017     60.695     60.695     60.695     60.695           0
Mon 02-06-2017     60.281     60.281     60.281     60.281           0
Fri 02-03-2017     61.233     61.233     61.233     61.233           0
Thu 02-02-2017     60.097     60.097     60.097     60.097           0
Wed 02-01-2017     60.183     60.183     60.183     60.183           0
Tue 01-31-2017     59.771     59.771     59.771     59.771           0
Mon 01-30-2017     58.585     58.585     58.585     58.585           0
Fri 01-27-2017     59.866     59.866     59.866     59.866           0
Thu 01-26-2017     59.794     59.794     59.794     59.794           0
Wed 01-25-2017     61.413     61.413     61.413     61.413           0
Tue 01-24-2017     60.413     60.413     60.413     60.413           0
Mon 01-23-2017     58.727     58.727     58.727     58.727           0
Fri 01-20-2017     59.163     59.163     59.163     59.163           0
Thu 01-19-2017     58.767     58.767     58.767     58.767           0
Wed 01-18-2017     60.000     60.000     60.000     60.000           0
Tue 01-17-2017     60.024     60.024     60.024     60.024           0
Fri 01-13-2017     61.680     61.680     61.680     61.680           0
Thu 01-12-2017     60.508     60.508     60.508     60.508           0
Wed 01-11-2017     61.616     61.616     61.616     61.616           0
Tue 01-10-2017     62.095     62.095     62.095     62.095           0
Mon 01-09-2017     61.298     61.298     61.298     61.298           0
Fri 01-06-2017     61.718     61.718     61.718     61.718           0
Thu 01-05-2017     62.812     62.812     62.812     62.812           0
Wed 01-04-2017     62.842     62.842     62.842     62.842           0
Tue 01-03-2017     59.371     59.371     59.371     59.371           0
Fri 12-30-2016     57.269     57.269     57.269     57.269           0
Thu 12-29-2016     58.221     58.221     58.221     58.221           0
Wed 12-28-2016     58.731     58.731     58.731     58.731           0
Tue 12-27-2016     60.569     60.569     60.569     60.569           0
Fri 12-23-2016     60.244     60.244     60.244     60.244           0
Thu 12-22-2016     58.772     58.772     58.772     58.772           0
Wed 12-21-2016     60.890     60.890     60.890     60.890           0
Tue 12-20-2016     61.799     61.799     61.799     61.799           0
Mon 12-19-2016     61.516     61.516     61.516     61.516           0
Fri 12-16-2016     61.713     61.713     61.713     61.713           0
Thu 12-15-2016     61.389     61.389     61.389     61.389           0
Wed 12-14-2016     60.790     60.790     60.790     60.790           0
Tue 12-13-2016     62.537     62.537     62.537     62.537           0
Mon 12-12-2016     62.646     62.646     62.646     62.646           0
Fri 12-09-2016     64.411     64.411     64.411     64.411           0
Thu 12-08-2016     64.012     64.012     64.012     64.012           0
Wed 12-07-2016     62.787     62.787     62.787     62.787           0
Tue 12-06-2016     62.293     62.293     62.293     62.293           0
Mon 12-05-2016     61.081     61.081     61.081     61.081           0
Fri 12-02-2016     59.191     59.191     59.191     59.191           0
Thu 12-01-2016     58.537     58.537     58.537     58.537           0
Wed 11-30-2016     61.635     61.635     61.635     61.635           0
Tue 11-29-2016     62.470     62.470     62.470     62.470           0
Mon 11-28-2016     63.423     63.423     63.423     63.423           0
Fri 11-25-2016     65.642     65.642     65.642     65.642           0
Wed 11-23-2016     64.773     64.773     64.773     64.773           0
Tue 11-22-2016     64.204     64.204     64.204     64.204           0
Mon 11-21-2016     64.303     64.303     64.303     64.303           0
Fri 11-18-2016     63.647     63.647     63.647     63.647           0
Thu 11-17-2016     64.195     64.195     64.195     64.195           0
Wed 11-16-2016     63.737     63.737     63.737     63.737           0
Tue 11-15-2016     63.484     63.484     63.484     63.484           0
Mon 11-14-2016     62.171     62.171     62.171     62.171           0
Fri 11-11-2016     61.241     61.241     61.241     61.241           0
Thu 11-10-2016     59.565     59.565     59.565     59.565           0
Wed 11-09-2016     58.025     58.025     58.025     58.025           0
Tue 11-08-2016     52.071     52.071     52.071     52.071           0
Mon 11-07-2016     51.799     51.799     51.799     51.799           0
Fri 11-04-2016     47.924     47.924     47.924     47.924           0
Thu 11-03-2016     46.931     46.931     46.931     46.931           0
Wed 11-02-2016     49.535     49.535     49.535     49.535           0
Tue 11-01-2016     52.241     52.241     52.241     52.241           0
Mon 10-31-2016     54.668     54.668     54.668     54.668           0
Fri 10-28-2016     54.232     54.232     54.232     54.232           0
Thu 10-27-2016     54.943     54.943     54.943     54.943           0
Wed 10-26-2016     57.124     57.124     57.124     57.124           0
Tue 10-25-2016     59.100     59.100     59.100     59.100           0
Mon 10-24-2016     61.033     61.033     61.033     61.033           0
Fri 10-21-2016     59.344     59.344     59.344     59.344           0
Thu 10-20-2016     59.867     59.867     59.867     59.867           0
Wed 10-19-2016     60.532     60.532     60.532     60.532           0
Tue 10-18-2016     60.676     60.676     60.676     60.676           0
Mon 10-17-2016     59.340     59.340     59.340     59.340           0
Fri 10-14-2016     60.537     60.537     60.537     60.537           0
Thu 10-13-2016     61.810     61.810     61.810     61.810           0
Wed 10-12-2016     62.883     62.883     62.883     62.883           0
Tue 10-11-2016     63.677     63.677     63.677     63.677           0
Mon 10-10-2016     67.089     67.089     67.089     67.089           0
Fri 10-07-2016     65.484     65.484     65.484     65.484           0
Thu 10-06-2016     66.392     66.392     66.392     66.392           0
Wed 10-05-2016     67.487     67.487     67.487     67.487           0
Tue 10-04-2016     66.289     66.289     66.289     66.289           0
Mon 10-03-2016     67.275     67.275     67.275     67.275           0
Fri 09-30-2016     67.675     67.675     67.675     67.675           0
Thu 09-29-2016     65.570     65.570     65.570     65.570           0
Wed 09-28-2016     67.904     67.904     67.904     67.904           0
Tue 09-27-2016     67.424     67.424     67.424     67.424           0
Mon 09-26-2016     66.140     66.140     66.140     66.140           0
Fri 09-23-2016     68.461     68.461     68.461     68.461           0
Thu 09-22-2016     68.920     68.920     68.920     68.920           0
Wed 09-21-2016     66.688     66.688     66.688     66.688           0
Tue 09-20-2016     64.439     64.439     64.439     64.439           0
Mon 09-19-2016     64.640     64.640     64.640     64.640           0
Fri 09-16-2016     64.304     64.304     64.304     64.304           0
Thu 09-15-2016     64.608     64.608     64.608     64.608           0
Wed 09-14-2016     62.739     62.739     62.739     62.739           0
Tue 09-13-2016     62.159     62.159     62.159     62.159           0
Mon 09-12-2016     66.306     66.306     66.306     66.306           0
Fri 09-09-2016     62.436     62.436     62.436     62.436           0
Thu 09-08-2016     67.987     67.987     67.987     67.987           0
Wed 09-07-2016     66.539     66.539     66.539     66.539           0
Tue 09-06-2016     64.477     64.477     64.477     64.477           0
Fri 09-02-2016     63.827     63.827     63.827     63.827           0
Thu 09-01-2016     62.666     62.666     62.666     62.666           0
Wed 08-31-2016     62.972     62.972     62.972     62.972           0
Tue 08-30-2016     63.005     63.005     63.005     63.005           0
Mon 08-29-2016     62.728     62.728     62.728     62.728           0
Fri 08-26-2016     62.132     62.132     62.132     62.132           0
Thu 08-25-2016     62.383     62.383     62.383     62.383           0
Wed 08-24-2016     62.282     62.282     62.282     62.282           0
Tue 08-23-2016     63.913     63.913     63.913     63.913           0
Mon 08-22-2016     63.122     63.122     63.122     63.122           0
Fri 08-19-2016     62.492     62.492     62.492     62.492           0
Thu 08-18-2016     62.392     62.392     62.392     62.392           0
Wed 08-17-2016     62.114     62.114     62.114     62.114           0
Tue 08-16-2016     62.298     62.298     62.298     62.298           0
Mon 08-15-2016     63.037     63.037     63.037     63.037           0
Fri 08-12-2016     62.422     62.422     62.422     62.422           0
Thu 08-11-2016     62.274     62.274     62.274     62.274           0
Wed 08-10-2016     60.650     60.650     60.650     60.650           0
Tue 08-09-2016     62.579     62.579     62.579     62.579           0
Mon 08-08-2016     62.697     62.697     62.697     62.697           0
Fri 08-05-2016     62.359     62.359     62.359     62.359           0
Thu 08-04-2016     60.101     60.101     60.101     60.101           0
Wed 08-03-2016     60.710     60.710     60.710     60.710           0
Tue 08-02-2016     58.734     58.734     58.734     58.734           0
Mon 08-01-2016     61.182     61.182     61.182     61.182           0
Fri 07-29-2016     61.276     61.276     61.276     61.276           0
Thu 07-28-2016     61.509     61.509     61.509     61.509           0
Wed 07-27-2016     61.219     61.219     61.219     61.219           0
Tue 07-26-2016     60.075     60.075     60.075     60.075           0
Mon 07-25-2016     59.653     59.653     59.653     59.653           0
Fri 07-22-2016     59.905     59.905     59.905     59.905           0
Thu 07-21-2016     58.719     58.719     58.719     58.719           0
Wed 07-20-2016     59.321     59.321     59.321     59.321           0
Tue 07-19-2016     56.998     56.998     56.998     56.998           0
Mon 07-18-2016     58.313     58.313     58.313     58.313           0
Fri 07-15-2016     58.604     58.604     58.604     58.604           0
Thu 07-14-2016     58.531     58.531     58.531     58.531           0
Wed 07-13-2016     57.337     57.337     57.337     57.337           0
Tue 07-12-2016     58.205     58.205     58.205     58.205           0
Mon 07-11-2016     55.674     55.674     55.674     55.674           0
Fri 07-08-2016     53.345     53.345     53.345     53.345           0
Thu 07-07-2016     47.481     47.481     47.481     47.481           0
Wed 07-06-2016     45.885     45.885     45.885     45.885           0
Tue 07-05-2016     45.245     45.245     45.245     45.245           0
Fri 07-01-2016     48.076     48.076     48.076     48.076           0
Thu 06-30-2016     47.580     47.580     47.580     47.580           0
Wed 06-29-2016     43.298     43.298     43.298     43.298           0
Tue 06-28-2016     38.667     38.667     38.667     38.667           0
Mon 06-27-2016     34.485     34.485     34.485     34.485           0
Fri 06-24-2016     42.410     42.410     42.410     42.410           0
Thu 06-23-2016     53.092     53.092     53.092     53.092           0
Wed 06-22-2016     48.716     48.716     48.716     48.716           0
Tue 06-21-2016     49.248     49.248     49.248     49.248           0
Mon 06-20-2016     49.561     49.561     49.561     49.561           0
Fri 06-17-2016     46.800     46.800     46.800     46.800           0
Thu 06-16-2016     47.595     47.595     47.595     47.595           0
Wed 06-15-2016     48.073     48.073     48.073     48.073           0
Tue 06-14-2016     47.955     47.955     47.955     47.955           0
Mon 06-13-2016     48.927     48.927     48.927     48.927           0
Fri 06-10-2016     52.366     52.366     52.366     52.366           0
Thu 06-09-2016     55.717     55.717     55.717     55.717           0
Wed 06-08-2016     58.085     58.085     58.085     58.085           0
Tue 06-07-2016     57.361     57.361     57.361     57.361           0
Mon 06-06-2016     56.933     56.933     56.933     56.933           0
Fri 06-03-2016     53.806     53.806     53.806     53.806           0
Thu 06-02-2016     55.813     55.813     55.813     55.813           0
Wed 06-01-2016     54.335     54.335     54.335     54.335           0
Tue 05-31-2016     52.648     52.648     52.648     52.648           0
Fri 05-27-2016     51.859     51.859     51.859     51.859           0
Thu 05-26-2016     50.160     50.160     50.160     50.160           0
Wed 05-25-2016     49.905     49.905     49.905     49.905           0
Tue 05-24-2016     48.947     48.947     48.947     48.947           0
Mon 05-23-2016     43.367     43.367     43.367     43.367           0
Fri 05-20-2016     42.848     42.848     42.848     42.848           0
Thu 05-19-2016     39.744     39.744     39.744     39.744           0
Wed 05-18-2016     41.364     41.364     41.364     41.364           0
Tue 05-17-2016     38.673     38.673     38.673     38.673           0
Mon 05-16-2016     42.434     42.434     42.434     42.434           0
Fri 05-13-2016     39.601     39.601     39.601     39.601           0
Thu 05-12-2016     40.013     40.013     40.013     40.013           0
Wed 05-11-2016     42.176     42.176     42.176     42.176           0
Tue 05-10-2016     44.430     44.430     44.430     44.430           0
Mon 05-09-2016     41.207     41.207     41.207     41.207           0
Fri 05-06-2016     41.399     41.399     41.399     41.399           0
Thu 05-05-2016     39.536     39.536     39.536     39.536           0
Wed 05-04-2016     41.044     41.044     41.044     41.044           0
Tue 05-03-2016     42.718     42.718     42.718     42.718           0
Mon 05-02-2016     46.104     46.104     46.104     46.104           0
Fri 04-29-2016     44.603     44.603     44.603     44.603           0
Thu 04-28-2016     45.944     45.944     45.944     45.944           0
Wed 04-27-2016     49.610     49.610     49.610     49.610           0
Tue 04-26-2016     48.867     48.867     48.867     48.867           0
Mon 04-25-2016     47.040     47.040     47.040     47.040           0
Fri 04-22-2016     47.977     47.977     47.977     47.977           0
Thu 04-21-2016     46.650     46.650     46.650     46.650           0
Wed 04-20-2016     47.169     47.169     47.169     47.169           0
Tue 04-19-2016     46.504     46.504     46.504     46.504           0
Mon 04-18-2016     45.729     45.729     45.729     45.729           0
Fri 04-15-2016     44.823     44.823     44.823     44.823           0
Thu 04-14-2016     43.844     43.844     43.844     43.844           0
Wed 04-13-2016     43.781     43.781     43.781     43.781           0
Tue 04-12-2016     38.345     38.345     38.345     38.345           0
Mon 04-11-2016     36.116     36.116     36.116     36.116           0
Fri 04-08-2016     36.835     36.835     36.835     36.835           0
Thu 04-07-2016     36.030     36.030     36.030     36.030           0
Wed 04-06-2016     38.896     38.896     38.896     38.896           0
Tue 04-05-2016     35.372     35.372     35.372     35.372           0
Mon 04-04-2016     38.394     38.394     38.394     38.394           0
Fri 04-01-2016     38.938     38.938     38.938     38.938           0
Thu 03-31-2016     37.422     37.422     37.422     37.422           0
Wed 03-30-2016     37.072     37.072     37.072     37.072           0
Tue 03-29-2016     36.137     36.137     36.137     36.137           0
Mon 03-28-2016     33.001     33.001     33.001     33.001           0
Thu 03-24-2016     33.209     33.209     33.209     33.209           0
Wed 03-23-2016     32.380     32.380     32.380     32.380           0
Tue 03-22-2016     35.861     35.861     35.861     35.861           0
Mon 03-21-2016     35.883     35.883     35.883     35.883           0
Fri 03-18-2016     35.323     35.323     35.323     35.323           0
Thu 03-17-2016     33.375     33.375     33.375     33.375           0
Wed 03-16-2016     31.384     31.384     31.384     31.384           0
Tue 03-15-2016     30.508     30.508     30.508     30.508           0
Mon 03-14-2016     32.347     32.347     32.347     32.347           0
Fri 03-11-2016     32.622     32.622     32.622     32.622           0
Thu 03-10-2016     28.688     28.688     28.688     28.688           0
Wed 03-09-2016     29.467     29.467     29.467     29.467           0
Tue 03-08-2016     28.992     28.992     28.992     28.992           0
Mon 03-07-2016     32.085     32.085     32.085     32.085           0
Fri 03-04-2016     30.716     30.716     30.716     30.716           0
Thu 03-03-2016     29.798     29.798     29.798     29.798           0
Wed 03-02-2016     27.886     27.886     27.886     27.886           0
Tue 03-01-2016     26.658     26.658     26.658     26.658           0
Mon 02-29-2016     22.770     22.770     22.770     22.770           0
Fri 02-26-2016     23.155     23.155     23.155     23.155           0
Thu 02-25-2016     21.999     21.999     21.999     21.999           0
Wed 02-24-2016     20.427     20.427     20.427     20.427           0
Tue 02-23-2016     19.119     19.119     19.119     19.119           0
Mon 02-22-2016     20.290     20.290     20.290     20.290           0
Fri 02-19-2016     18.279     18.279     18.279     18.279           0
Thu 02-18-2016     16.907     16.907     16.907     16.907           0
Wed 02-17-2016     17.375     17.375     17.375     17.375           0
Tue 02-16-2016     15.295     15.295     15.295     15.295           0
Fri 02-12-2016     12.911     12.911     12.911     12.911           0
Thu 02-11-2016     11.285     11.285     11.285     11.285           0
Wed 02-10-2016     12.089     12.089     12.089     12.089           0
Tue 02-09-2016     12.194     12.194     12.194     12.194           0
Mon 02-08-2016     12.537     12.537     12.537     12.537           0
Fri 02-05-2016     13.203     13.203     13.203     13.203           0
Thu 02-04-2016     16.628     16.628     16.628     16.628           0
Wed 02-03-2016     16.063     16.063     16.063     16.063           0
Tue 02-02-2016     16.343     16.343     16.343     16.343           0
Mon 02-01-2016     18.849     18.849     18.849     18.849           0
Fri 01-29-2016     19.614     19.614     19.614     19.614           0
Thu 01-28-2016     15.588     15.588     15.588     15.588           0
Wed 01-27-2016     15.290     15.290     15.290     15.290           0
Tue 01-26-2016     17.304     17.304     17.304     17.304           0
Mon 01-25-2016     15.298     15.298     15.298     15.298           0
Fri 01-22-2016     17.060     17.060     17.060     17.060           0
Thu 01-21-2016     14.344     14.344     14.344     14.344           0
Wed 01-20-2016     14.771     14.771     14.771     14.771           0
Tue 01-19-2016     14.607     14.607     14.607     14.607           0
Fri 01-15-2016     15.006     15.006     15.006     15.006           0
Thu 01-14-2016     17.257     17.257     17.257     17.257           0
Wed 01-13-2016     15.759     15.759     15.759     15.759           0
Tue 01-12-2016     19.594     19.594     19.594     19.594           0
Mon 01-11-2016     18.714     18.714     18.714     18.714           0
Fri 01-08-2016     20.186     20.186     20.186     20.186           0
Thu 01-07-2016     22.551     22.551     22.551     22.551           0
Wed 01-06-2016     26.829     26.829     26.829     26.829           0
Tue 01-05-2016     29.422     29.422     29.422     29.422           0
Mon 01-04-2016     28.762     28.762     28.762     28.762           0
Thu 12-31-2015     36.634     36.634     36.634     36.634           0
Wed 12-30-2015     36.634     36.634     36.634     36.634           0
Tue 12-29-2015     38.776     38.776     38.776     38.776           0
Mon 12-28-2015     36.221     36.221     36.221     36.221           0
Thu 12-24-2015     37.580     37.580     37.580     37.580           0
Wed 12-23-2015     36.671     36.671     36.671     36.671           0
Tue 12-22-2015     35.431     35.431     35.431     35.431           0
Mon 12-21-2015     34.014     34.014     34.014     34.014           0
Fri 12-18-2015     32.493     32.493     32.493     32.493           0
Thu 12-17-2015     34.687     34.687     34.687     34.687           0
Wed 12-16-2015     36.451     36.451     36.451     36.451           0
Tue 12-15-2015     33.693     33.693     33.693     33.693           0
Mon 12-14-2015     31.299     31.299     31.299     31.299           0
Fri 12-11-2015     32.149     32.149     32.149     32.149           0
Thu 12-10-2015     35.921     35.921     35.921     35.921           0
Wed 12-09-2015     35.468     35.468     35.468     35.468           0
Tue 12-08-2015     37.621     37.621     37.621     37.621           0
Mon 12-07-2015     37.902     37.902     37.902     37.902           0
Fri 12-04-2015     41.019     41.019     41.019     41.019           0
Thu 12-03-2015     38.583     38.583     38.583     38.583           0
Wed 12-02-2015     42.102     42.102     42.102     42.102           0
Tue 12-01-2015     43.898     43.898     43.898     43.898           0
Mon 11-30-2015     43.168     43.168     43.168     43.168           0
Fri 11-27-2015     43.380     43.380     43.380     43.380           0
Wed 11-25-2015     42.432     42.432     42.432     42.432           0
Tue 11-24-2015     41.102     41.102     41.102     41.102           0
Mon 11-23-2015     39.915     39.915     39.915     39.915           0
Fri 11-20-2015     39.091     39.091     39.091     39.091           0
Thu 11-19-2015     38.424     38.424     38.424     38.424           0
Wed 11-18-2015     38.573     38.573     38.573     38.573           0
Tue 11-17-2015     36.131     36.131     36.131     36.131           0
Mon 11-16-2015     36.630     36.630     36.630     36.630           0
Fri 11-13-2015     34.783     34.783     34.783     34.783           0
Thu 11-12-2015     36.179     36.179     36.179     36.179           0
Wed 11-11-2015     39.409     39.409     39.409     39.409           0
Tue 11-10-2015     40.000     40.000     40.000     40.000           0
Mon 11-09-2015     40.777     40.777     40.777     40.777           0
Fri 11-06-2015     42.945     42.945     42.945     42.945           0
Thu 11-05-2015     41.140     41.140     41.140     41.140           0
Wed 11-04-2015     41.187     41.187     41.187     41.187           0
Tue 11-03-2015     41.465     41.465     41.465     41.465           0
Mon 11-02-2015     40.460     40.460     40.460     40.460           0
Fri 10-30-2015     35.714     35.714     35.714     35.714           0
Thu 10-29-2015     35.843     35.843     35.843     35.843           0
Wed 10-28-2015     38.428     38.428     38.428     38.428           0
Tue 10-27-2015     33.396     33.396     33.396     33.396           0
Mon 10-26-2015     35.009     35.009     35.009     35.009           0
Fri 10-23-2015     36.084     36.084     36.084     36.084           0
Thu 10-22-2015     33.435     33.435     33.435     33.435           0
Wed 10-21-2015     31.573     31.573     31.573     31.573           0
Tue 10-20-2015     34.358     34.358     34.358     34.358           0
Mon 10-19-2015     35.157     35.157     35.157     35.157           0
Fri 10-16-2015     35.110     35.110     35.110     35.110           0
Thu 10-15-2015     35.597     35.597     35.597     35.597           0
Wed 10-14-2015     30.978     30.978     30.978     30.978           0
Tue 10-13-2015     32.773     32.773     32.773     32.773           0
Mon 10-12-2015     34.955     34.955     34.955     34.955           0
Fri 10-09-2015     34.613     34.613     34.613     34.613           0
Thu 10-08-2015     34.532     34.532     34.532     34.532           0
Wed 10-07-2015     32.914     32.914     32.914     32.914           0
Tue 10-06-2015     30.095     30.095     30.095     30.095           0
Mon 10-05-2015     30.792     30.792     30.792     30.792           0
Fri 10-02-2015     28.333     28.333     28.333     28.333           0
Thu 10-01-2015     26.300     26.300     26.300     26.300           0
Wed 09-30-2015     26.655     26.655     26.655     26.655           0
Tue 09-29-2015     23.335     23.335     23.335     23.335           0
Mon 09-28-2015     24.552     24.552     24.552     24.552           0
Fri 09-25-2015     29.096     29.096     29.096     29.096           0
Thu 09-24-2015     31.348     31.348     31.348     31.348           0
Wed 09-23-2015     31.389     31.389     31.389     31.389           0
Tue 09-22-2015     32.098     32.098     32.098     32.098           0
Mon 09-21-2015     33.727     33.727     33.727     33.727           0
Fri 09-18-2015     34.532     34.532     34.532     34.532           0
Thu 09-17-2015     36.971     36.971     36.971     36.971           0
Wed 09-16-2015     36.575     36.575     36.575     36.575           0
Tue 09-15-2015     35.693     35.693     35.693     35.693           0
Mon 09-14-2015     33.950     33.950     33.950     33.950           0
Fri 09-11-2015     34.741     34.741     34.741     34.741           0
Thu 09-10-2015     34.245     34.245     34.245     34.245           0
Wed 09-09-2015     33.491     33.491     33.491     33.491           0
Tue 09-08-2015     35.245     35.245     35.245     35.245           0
Fri 09-04-2015     30.810     30.810     30.810     30.810           0
Thu 09-03-2015     31.715     31.715     31.715     31.715           0
Wed 09-02-2015     32.128     32.128     32.128     32.128           0
Tue 09-01-2015     28.496     28.496     28.496     28.496           0
Mon 08-31-2015     33.236     33.236     33.236     33.236           0
Fri 08-28-2015     33.197     33.197     33.197     33.197           0
Thu 08-27-2015     32.317     32.317     32.317     32.317           0
Wed 08-26-2015     28.858     28.858     28.858     28.858           0
Tue 08-25-2015     24.471     24.471     24.471     24.471           0
Mon 08-24-2015     24.085     24.085     24.085     24.085           0
Fri 08-21-2015     33.054     33.054     33.054     33.054           0
Thu 08-20-2015     35.530     35.530     35.530     35.530           0
Wed 08-19-2015     40.734     40.734     40.734     40.734           0
Tue 08-18-2015     42.522     42.522     42.522     42.522           0
Mon 08-17-2015     43.724     43.724     43.724     43.724           0
Fri 08-14-2015     42.121     42.121     42.121     42.121           0
Thu 08-13-2015     42.017     42.017     42.017     42.017           0
Wed 08-12-2015     42.273     42.273     42.273     42.273           0
Tue 08-11-2015     43.012     43.012     43.012     43.012           0
Mon 08-10-2015     45.076     45.076     45.076     45.076           0
Fri 08-07-2015     43.116     43.116     43.116     43.116           0
Thu 08-06-2015     44.010     44.010     44.010     44.010           0
Wed 08-05-2015     46.703     46.703     46.703     46.703           0
Tue 08-04-2015     46.892     46.892     46.892     46.892           0
Mon 08-03-2015     47.162     47.162     47.162     47.162           0
Fri 07-31-2015     48.282     48.282     48.282     48.282           0
Thu 07-30-2015     46.205     46.205     46.205     46.205           0
Wed 07-29-2015     46.843     46.843     46.843     46.843           0
Tue 07-28-2015     46.510     46.510     46.510     46.510           0
Mon 07-27-2015     45.048     45.048     45.048     45.048           0
Fri 07-24-2015     47.742     47.742     47.742     47.742           0
Thu 07-23-2015     49.743     49.743     49.743     49.743           0
Wed 07-22-2015     51.626     51.626     51.626     51.626           0
Tue 07-21-2015     51.401     51.401     51.401     51.401           0
Mon 07-20-2015     51.572     51.572     51.572     51.572           0
Fri 07-17-2015     52.572     52.572     52.572     52.572           0
Thu 07-16-2015     53.903     53.903     53.903     53.903           0
Wed 07-15-2015     53.386     53.386     53.386     53.386           0
Tue 07-14-2015     54.423     54.423     54.423     54.423           0
Mon 07-13-2015     53.074     53.074     53.074     53.074           0
Fri 07-10-2015     51.442     51.442     51.442     51.442           0
Thu 07-09-2015     48.296     48.296     48.296     48.296           0
Wed 07-08-2015     47.932     47.932     47.932     47.932           0
Tue 07-07-2015     51.047     51.047     51.047     51.047           0
Mon 07-06-2015     51.556     51.556     51.556     51.556           0
Thu 07-02-2015     53.068     53.068     53.068     53.068           0
Wed 07-01-2015     53.703     53.703     53.703     53.703           0
Tue 06-30-2015     53.134     53.134     53.134     53.134           0
Mon 06-29-2015     51.728     51.728     51.728     51.728           0
Fri 06-26-2015     57.361     57.361     57.361     57.361           0
Thu 06-25-2015     58.947     58.947     58.947     58.947           0
Wed 06-24-2015     59.813     59.813     59.813     59.813           0
Tue 06-23-2015     60.551     60.551     60.551     60.551           0
Mon 06-22-2015     60.385     60.385     60.385     60.385           0
Fri 06-19-2015     59.520     59.520     59.520     59.520           0
Thu 06-18-2015     59.870     59.870     59.870     59.870           0
Wed 06-17-2015     58.483     58.483     58.483     58.483           0
Tue 06-16-2015     58.130     58.130     58.130     58.130           0
Mon 06-15-2015     57.967     57.967     57.967     57.967           0
Fri 06-12-2015     58.876     58.876     58.876     58.876           0
Thu 06-11-2015     59.182     59.182     59.182     59.182           0
Wed 06-10-2015     59.110     59.110     59.110     59.110           0
Tue 06-09-2015     56.981     56.981     56.981     56.981           0
Mon 06-08-2015     57.722     57.722     57.722     57.722           0
Fri 06-05-2015     58.512     58.512     58.512     58.512           0
Thu 06-04-2015     56.724     56.724     56.724     56.724           0
Wed 06-03-2015     58.095     58.095     58.095     58.095           0
Tue 06-02-2015     56.649     56.649     56.649     56.649           0
Mon 06-01-2015     56.250     56.250     56.250     56.250           0
Fri 05-29-2015     55.045     55.045     55.045     55.045           0
Thu 05-28-2015     56.478     56.478     56.478     56.478           0
Wed 05-27-2015     56.750     56.750     56.750     56.750           0
Tue 05-26-2015     55.090     55.090     55.090     55.090           0
Fri 05-22-2015     57.134     57.134     57.134     57.134           0
Thu 05-21-2015     57.813     57.813     57.813     57.813           0
Wed 05-20-2015     57.803     57.803     57.803     57.803           0
Tue 05-19-2015     58.012     58.012     58.012     58.012           0
Mon 05-18-2015     58.685     58.685     58.685     58.685           0
Fri 05-15-2015     56.996     56.996     56.996     56.996           0
Thu 05-14-2015     57.368     57.368     57.368     57.368           0
Wed 05-13-2015     55.542     55.542     55.542     55.542           0
Tue 05-12-2015     55.204     55.204     55.204     55.204           0
Mon 05-11-2015     55.085     55.085     55.085     55.085           0
Fri 05-08-2015     54.694     54.694     54.694     54.694           0
Thu 05-07-2015     54.043     54.043     54.043     54.043           0
Wed 05-06-2015     52.992     52.992     52.992     52.992           0
Tue 05-05-2015     53.171     53.171     53.171     53.171           0
Mon 05-04-2015     55.515     55.515     55.515     55.515           0
Fri 05-01-2015     54.825     54.825     54.825     54.825           0
Thu 04-30-2015     54.506     54.506     54.506     54.506           0
Wed 04-29-2015     57.389     57.389     57.389     57.389           0
Tue 04-28-2015     59.657     59.657     59.657     59.657           0
Mon 04-27-2015     59.035     59.035     59.035     59.035           0
Fri 04-24-2015     60.122     60.122     60.122     60.122           0
Thu 04-23-2015     60.851     60.851     60.851     60.851           0
Wed 04-22-2015     60.440     60.440     60.440     60.440           0
Tue 04-21-2015     60.061     60.061     60.061     60.061           0
Mon 04-20-2015     60.569     60.569     60.569     60.569           0
Fri 04-17-2015     58.388     58.388     58.388     58.388           0
Thu 04-16-2015     62.007     62.007     62.007     62.007           0
Wed 04-15-2015     61.211     61.211     61.211     61.211           0
Tue 04-14-2015     59.761     59.761     59.761     59.761           0
Mon 04-13-2015     59.281     59.281     59.281     59.281           0
Fri 04-10-2015     58.947     58.947     58.947     58.947           0
Thu 04-09-2015     58.617     58.617     58.617     58.617           0
Wed 04-08-2015     58.627     58.627     58.627     58.627           0
Tue 04-07-2015     57.176     57.176     57.176     57.176           0
Mon 04-06-2015     56.607     56.607     56.607     56.607           0
Thu 04-02-2015     55.509     55.509     55.509     55.509           0
Wed 04-01-2015     55.213     55.213     55.213     55.213           0
Tue 03-31-2015     55.095     55.095     55.095     55.095           0
Mon 03-30-2015     56.413     56.413     56.413     56.413           0
Fri 03-27-2015     54.723     54.723     54.723     54.723           0
Thu 03-26-2015     53.475     53.475     53.475     53.475           0
Wed 03-25-2015     54.078     54.078     54.078     54.078           0
Tue 03-24-2015     58.244     58.244     58.244     58.244           0
Mon 03-23-2015     58.684     58.684     58.684     58.684           0
Fri 03-20-2015     58.070     58.070     58.070     58.070           0
Thu 03-19-2015     56.511     56.511     56.511     56.511           0
Wed 03-18-2015     56.848     56.848     56.848     56.848           0
Tue 03-17-2015     54.562     54.562     54.562     54.562           0
Mon 03-16-2015     55.049     55.049     55.049     55.049           0
Fri 03-13-2015     54.251     54.251     54.251     54.251           0
Thu 03-12-2015     55.788     55.788     55.788     55.788           0
Wed 03-11-2015     52.709     52.709     52.709     52.709           0
Tue 03-10-2015     51.850     51.850     51.850     51.850           0
Mon 03-09-2015     54.647     54.647     54.647     54.647           0
Fri 03-06-2015     54.354     54.354     54.354     54.354           0
Thu 03-05-2015     56.570     56.570     56.570     56.570           0
Wed 03-04-2015     55.728     55.728     55.728     55.728           0
Tue 03-03-2015     56.150     56.150     56.150     56.150           0
Mon 03-02-2015     57.301     57.301     57.301     57.301           0
Fri 02-27-2015     55.781     55.781     55.781     55.781           0
Thu 02-26-2015     56.770     56.770     56.770     56.770           0
Wed 02-25-2015     56.879     56.879     56.879     56.879           0
Tue 02-24-2015     57.072     57.072     57.072     57.072           0
Mon 02-23-2015     56.246     56.246     56.246     56.246           0
Fri 02-20-2015     57.143     57.143     57.143     57.143           0
Thu 02-19-2015     56.842     56.842     56.842     56.842           0
Wed 02-18-2015     56.089     56.089     56.089     56.089           0
Tue 02-17-2015     56.957     56.957     56.957     56.957           0
Fri 02-13-2015     55.390     55.390     55.390     55.390           0
Thu 02-12-2015     54.523     54.523     54.523     54.523           0
Wed 02-11-2015     51.916     51.916     51.916     51.916           0
Tue 02-10-2015     51.450     51.450     51.450     51.450           0
Mon 02-09-2015     50.859     50.859     50.859     50.859           0
Fri 02-06-2015     51.312     51.312     51.312     51.312           0
Thu 02-05-2015     51.983     51.983     51.983     51.983           0
Wed 02-04-2015     49.416     49.416     49.416     49.416           0
Tue 02-03-2015     50.123     50.123     50.123     50.123           0
Mon 02-02-2015     47.232     47.232     47.232     47.232           0
Fri 01-30-2015     45.000     45.000     45.000     45.000           0
Thu 01-29-2015     48.304     48.304     48.304     48.304           0
Wed 01-28-2015     46.305     46.305     46.305     46.305           0
Tue 01-27-2015     49.046     49.046     49.046     49.046           0
Mon 01-26-2015     49.907     49.907     49.907     49.907           0
Fri 01-23-2015     48.665     48.665     48.665     48.665           0
Thu 01-22-2015     48.729     48.729     48.729     48.729           0
Wed 01-21-2015     45.331     45.331     45.331     45.331           0
Tue 01-20-2015     46.542     46.542     46.542     46.542           0
Fri 01-16-2015     46.791     46.791     46.791     46.791           0
Thu 01-15-2015     43.463     43.463     43.463     43.463           0
Wed 01-14-2015     46.486     46.486     46.486     46.486           0
Tue 01-13-2015     48.024     48.024     48.024     48.024           0
Mon 01-12-2015     48.174     48.174     48.174     48.174           0
Fri 01-09-2015     47.906     47.906     47.906     47.906           0
Thu 01-08-2015     50.324     50.324     50.324     50.324           0
Wed 01-07-2015     46.722     46.722     46.722     46.722           0
Tue 01-06-2015     44.484     44.484     44.484     44.484           0
Mon 01-05-2015     48.756     48.756     48.756     48.756           0
Fri 01-02-2015     50.652     50.652     50.652     50.652           0
Wed 12-31-2014     51.327     51.327     51.327     51.327           0
Tue 12-30-2014     51.388     51.388     51.388     51.388           0
Mon 12-29-2014     51.801     51.801     51.801     51.801           0
Fri 12-26-2014     51.490     51.490     51.490     51.490           0
Wed 12-24-2014     50.268     50.268     50.268     50.268           0
Tue 12-23-2014     50.089     50.089     50.089     50.089           0
Mon 12-22-2014     50.235     50.235     50.235     50.235           0
Fri 12-19-2014     49.084     49.084     49.084     49.084           0
Thu 12-18-2014     48.370     48.370     48.370     48.370           0
Wed 12-17-2014     45.537     45.537     45.537     45.537           0
Tue 12-16-2014     41.026     41.026     41.026     41.026           0
Mon 12-15-2014     41.223     41.223     41.223     41.223           0
Fri 12-12-2014     44.074     44.074     44.074     44.074           0
Thu 12-11-2014     45.477     45.477     45.477     45.477           0
Wed 12-10-2014     44.649     44.649     44.649     44.649           0
Tue 12-09-2014     49.384     49.384     49.384     49.384           0
Mon 12-08-2014     46.840     46.840     46.840     46.840           0
Fri 12-05-2014     49.625     49.625     49.625     49.625           0
Thu 12-04-2014     48.409     48.409     48.409     48.409           0
Wed 12-03-2014     49.092     49.092     49.092     49.092           0
Tue 12-02-2014     47.222     47.222     47.222     47.222           0
Mon 12-01-2014     44.975     44.975     44.975     44.975           0
Fri 11-28-2014     49.243     49.243     49.243     49.243           0
Wed 11-26-2014     51.277     51.277     51.277     51.277           0
Tue 11-25-2014     50.031     50.031     50.031     50.031           0
Mon 11-24-2014     49.476     49.476     49.476     49.476           0
Fri 11-21-2014     47.542     47.542     47.542     47.542           0
Thu 11-20-2014     47.604     47.604     47.604     47.604           0
Wed 11-19-2014     45.727     45.727     45.727     45.727           0
Tue 11-18-2014     48.116     48.116     48.116     48.116           0
Mon 11-17-2014     46.800     46.800     46.800     46.800           0
Fri 11-14-2014     48.349     48.349     48.349     48.349           0
Thu 11-13-2014     48.504     48.504     48.504     48.504           0
Wed 11-12-2014     49.814     49.814     49.814     49.814           0
Tue 11-11-2014     48.882     48.882     48.882     48.882           0
Mon 11-10-2014     48.707     48.707     48.707     48.707           0
Fri 11-07-2014     47.330     47.330     47.330     47.330           0
Thu 11-06-2014     46.979     46.979     46.979     46.979           0
Wed 11-05-2014     46.790     46.790     46.790     46.790           0
Tue 11-04-2014     46.130     46.130     46.130     46.130           0
Mon 11-03-2014     46.371     46.371     46.371     46.371           0
Fri 10-31-2014     47.307     47.307     47.307     47.307           0
Thu 10-30-2014     44.287     44.287     44.287     44.287           0
Wed 10-29-2014     42.289     42.289     42.289     42.289           0
Tue 10-28-2014     42.286     42.286     42.286     42.286           0
Mon 10-27-2014     36.291     36.291     36.291     36.291           0
Fri 10-24-2014     35.421     35.421     35.421     35.421           0
Thu 10-23-2014     33.986     33.986     33.986     33.986           0
Wed 10-22-2014     30.374     30.374     30.374     30.374           0
Tue 10-21-2014     33.069     33.069     33.069     33.069           0
Mon 10-20-2014     29.088     29.088     29.088     29.088           0
Fri 10-17-2014     26.667     26.667     26.667     26.667           0
Thu 10-16-2014     25.803     25.803     25.803     25.803           0
Wed 10-15-2014     23.909     23.909     23.909     23.909           0
Tue 10-14-2014     22.966     22.966     22.966     22.966           0
Mon 10-13-2014     21.278     21.278     21.278     21.278           0
Fri 10-10-2014     23.068     23.068     23.068     23.068           0
Thu 10-09-2014     27.163     27.163     27.163     27.163           0
Wed 10-08-2014     32.968     32.968     32.968     32.968           0
Tue 10-07-2014     28.806     28.806     28.806     28.806           0
Mon 10-06-2014     33.394     33.394     33.394     33.394           0
Fri 10-03-2014     35.610     35.610     35.610     35.610           0
Thu 10-02-2014     33.798     33.798     33.798     33.798           0
Wed 10-01-2014     32.482     32.482     32.482     32.482           0
Tue 09-30-2014     36.059     36.059     36.059     36.059           0
Mon 09-29-2014     38.414     38.414     38.414     38.414           0
Fri 09-26-2014     38.656     38.656     38.656     38.656           0
Thu 09-25-2014     36.693     36.693     36.693     36.693           0
Wed 09-24-2014     40.260     40.260     40.260     40.260           0
Tue 09-23-2014     38.714     38.714     38.714     38.714           0
Mon 09-22-2014     40.805     40.805     40.805     40.805           0
Fri 09-19-2014     45.387     45.387     45.387     45.387           0
Thu 09-18-2014     47.719     47.719     47.719     47.719           0
Wed 09-17-2014     46.379     46.379     46.379     46.379           0
Tue 09-16-2014     44.367     44.367     44.367     44.367           0
Mon 09-15-2014     45.288     45.288     45.288     45.288           0
Fri 09-12-2014     48.633     48.633     48.633     48.633           0
Thu 09-11-2014     50.571     50.571     50.571     50.571           0
Wed 09-10-2014     49.299     49.299     49.299     49.299           0
Tue 09-09-2014     46.950     46.950     46.950     46.950           0
Mon 09-08-2014     50.667     50.667     50.667     50.667           0
Fri 09-05-2014     49.238     49.238     49.238     49.238           0
Thu 09-04-2014     49.619     49.619     49.619     49.619           0
Wed 09-03-2014     50.223     50.223     50.223     50.223           0
Tue 09-02-2014     51.762     51.762     51.762     51.762           0
Fri 08-29-2014     50.289     50.289     50.289     50.289           0
Thu 08-28-2014     48.724     48.724     48.724     48.724           0
Wed 08-27-2014     50.190     50.190     50.190     50.190           0
Tue 08-26-2014     50.095     50.095     50.095     50.095           0
Mon 08-25-2014     48.324     48.324     48.324     48.324           0
Fri 08-22-2014     47.111     47.111     47.111     47.111           0
Thu 08-21-2014     47.210     47.210     47.210     47.210           0
Wed 08-20-2014     46.251     46.251     46.251     46.251           0
Tue 08-19-2014     46.285     46.285     46.285     46.285           0
Mon 08-18-2014     46.397     46.397     46.397     46.397           0
Fri 08-15-2014     42.794     42.794     42.794     42.794           0
Thu 08-14-2014     43.514     43.514     43.514     43.514           0
Wed 08-13-2014     42.740     42.740     42.740     42.740           0
Tue 08-12-2014     40.992     40.992     40.992     40.992           0
Mon 08-11-2014     41.782     41.782     41.782     41.782           0
Fri 08-08-2014     39.649     39.649     39.649     39.649           0
Thu 08-07-2014     37.350     37.350     37.350     37.350           0
Wed 08-06-2014     38.987     38.987     38.987     38.987           0
Tue 08-05-2014     37.865     37.865     37.865     37.865           0
Mon 08-04-2014     38.826     38.826     38.826     38.826           0
Fri 08-01-2014     37.154     37.154     37.154     37.154           0
Thu 07-31-2014     38.325     38.325     38.325     38.325           0
Wed 07-30-2014     44.670     44.670     44.670     44.670           0
Tue 07-29-2014     43.498     43.498     43.498     43.498           0
Mon 07-28-2014     42.489     42.489     42.489     42.489           0
Fri 07-25-2014     43.690     43.690     43.690     43.690           0
Thu 07-24-2014     45.831     45.831     45.831     45.831           0
Wed 07-23-2014     46.595     46.595     46.595     46.595           0
Tue 07-22-2014     46.448     46.448     46.448     46.448           0
Mon 07-21-2014     44.564     44.564     44.564     44.564           0
Fri 07-18-2014     45.621     45.621     45.621     45.621           0
Thu 07-17-2014     41.448     41.448     41.448     41.448           0
Wed 07-16-2014     45.131     45.131     45.131     45.131           0
Tue 07-15-2014     46.297     46.297     46.297     46.297           0
Mon 07-14-2014     48.683     48.683     48.683     48.683           0
Fri 07-11-2014     47.714     47.714     47.714     47.714           0
Thu 07-10-2014     48.105     48.105     48.105     48.105           0
Wed 07-09-2014     50.262     50.262     50.262     50.262           0
Tue 07-08-2014     49.825     49.825     49.825     49.825           0
Mon 07-07-2014     54.125     54.125     54.125     54.125           0
Thu 07-03-2014     58.324     58.324     58.324     58.324           0
Wed 07-02-2014     57.410     57.410     57.410     57.410           0
Tue 07-01-2014     57.143     57.143     57.143     57.143           0
Mon 06-30-2014     54.742     54.742     54.742     54.742           0
Fri 06-27-2014     53.298     53.298     53.298     53.298           0
Thu 06-26-2014     51.863     51.863     51.863     51.863           0
Wed 06-25-2014     51.499     51.499     51.499     51.499           0
Tue 06-24-2014     49.908     49.908     49.908     49.908           0
Mon 06-23-2014     52.282     52.282     52.282     52.282           0
Fri 06-20-2014     53.280     53.280     53.280     53.280           0
Thu 06-19-2014     52.887     52.887     52.887     52.887           0
Wed 06-18-2014     53.247     53.247     53.247     53.247           0
Tue 06-17-2014     52.190     52.190     52.190     52.190           0
Mon 06-16-2014     50.000     50.000     50.000     50.000           0
Fri 06-13-2014     49.474     49.474     49.474     49.474           0
Thu 06-12-2014     49.537     49.537     49.537     49.537           0
Wed 06-11-2014     51.047     51.047     51.047     51.047           0
Tue 06-10-2014     51.617     51.617     51.617     51.617           0
Mon 06-09-2014     52.163     52.163     52.163     52.163           0
Fri 06-06-2014     50.213     50.213     50.213     50.213           0
Thu 06-05-2014     47.770     47.770     47.770     47.770           0
Wed 06-04-2014     44.458     44.458     44.458     44.458           0
Tue 06-03-2014     43.343     43.343     43.343     43.343           0
Mon 06-02-2014     43.910     43.910     43.910     43.910           0
Fri 05-30-2014     45.532     45.532     45.532     45.532           0
Thu 05-29-2014     47.388     47.388     47.388     47.388           0
Wed 05-28-2014     45.876     45.876     45.876     45.876           0
Tue 05-27-2014     46.598     46.598     46.598     46.598           0
Fri 05-23-2014     42.771     42.771     42.771     42.771           0
Thu 05-22-2014     41.035     41.035     41.035     41.035           0
Wed 05-21-2014     39.737     39.737     39.737     39.737           0
Tue 05-20-2014     38.591     38.591     38.591     38.591           0
Mon 05-19-2014     40.710     40.710     40.710     40.710           0
Fri 05-16-2014     39.154     39.154     39.154     39.154           0
Thu 05-15-2014     38.657     38.657     38.657     38.657           0
Wed 05-14-2014     40.134     40.134     40.134     40.134           0
Tue 05-13-2014     43.605     43.605     43.605     43.605           0
Mon 05-12-2014     45.631     45.631     45.631     45.631           0
Fri 05-09-2014     40.804     40.804     40.804     40.804           0
Thu 05-08-2014     38.523     38.523     38.523     38.523           0
Wed 05-07-2014     41.508     41.508     41.508     41.508           0
Tue 05-06-2014     42.681     42.681     42.681     42.681           0
Mon 05-05-2014     45.923     45.923     45.923     45.923           0
Fri 05-02-2014     45.892     45.892     45.892     45.892           0
Thu 05-01-2014     46.196     46.196     46.196     46.196           0
Wed 04-30-2014     45.760     45.760     45.760     45.760           0
Tue 04-29-2014     45.277     45.277     45.277     45.277           0
Mon 04-28-2014     44.552     44.552     44.552     44.552           0
Fri 04-25-2014     46.902     46.902     46.902     46.902           0
Thu 04-24-2014     53.119     53.119     53.119     53.119           0
Wed 04-23-2014     54.398     54.398     54.398     54.398           0
Tue 04-22-2014     56.911     56.911     56.911     56.911           0
Mon 04-21-2014     53.791     53.791     53.791     53.791           0
Thu 04-17-2014     53.365     53.365     53.365     53.365           0
Wed 04-16-2014     51.653     51.653     51.653     51.653           0
Tue 04-15-2014     48.553     48.553     48.553     48.553           0
Mon 04-14-2014     49.205     49.205     49.205     49.205           0
Fri 04-11-2014     48.385     48.385     48.385     48.385           0
Thu 04-10-2014     52.876     52.876     52.876     52.876           0
Wed 04-09-2014     59.612     59.612     59.612     59.612           0
Tue 04-08-2014     56.471     56.471     56.471     56.471           0
Mon 04-07-2014     55.406     55.406     55.406     55.406           0
Fri 04-04-2014     59.088     59.088     59.088     59.088           0
Thu 04-03-2014     63.913     63.913     63.913     63.913           0
Wed 04-02-2014     65.503     65.503     65.503     65.503           0
Tue 04-01-2014     64.907     64.907     64.907     64.907           0
Mon 03-31-2014     62.645     62.645     62.645     62.645           0
Fri 03-28-2014     60.337     60.337     60.337     60.337           0
Thu 03-27-2014     61.654     61.654     61.654     61.654           0
Wed 03-26-2014     62.095     62.095     62.095     62.095           0
Tue 03-25-2014     64.651     64.651     64.651     64.651           0
Mon 03-24-2014     65.503     65.503     65.503     65.503           0
Fri 03-21-2014     67.305     67.305     67.305     67.305           0
Thu 03-20-2014     67.097     67.097     67.097     67.097           0
Wed 03-19-2014     67.309     67.309     67.309     67.309           0
Tue 03-18-2014     68.274     68.274     68.274     68.274           0
Mon 03-17-2014     66.783     66.783     66.783     66.783           0
Fri 03-14-2014     66.104     66.104     66.104     66.104           0
Thu 03-13-2014     66.784     66.784     66.784     66.784           0
Wed 03-12-2014     68.483     68.483     68.483     68.483           0
Tue 03-11-2014     68.637     68.637     68.637     68.637           0
Mon 03-10-2014     70.035     70.035     70.035     70.035           0
Fri 03-07-2014     69.894     69.894     69.894     69.894           0
Thu 03-06-2014     70.449     70.449     70.449     70.449           0
Wed 03-05-2014     70.606     70.606     70.606     70.606           0
Tue 03-04-2014     70.304     70.304     70.304     70.304           0
Mon 03-03-2014     67.086     67.086     67.086     67.086           0
Fri 02-28-2014     68.168     68.168     68.168     68.168           0
Thu 02-27-2014     69.221     69.221     69.221     69.221           0
Wed 02-26-2014     68.361     68.361     68.361     68.361           0
Tue 02-25-2014     66.426     66.426     66.426     66.426           0
Mon 02-24-2014     67.471     67.471     67.471     67.471           0
Fri 02-21-2014     66.206     66.206     66.206     66.206           0
Thu 02-20-2014     66.487     66.487     66.487     66.487           0
Wed 02-19-2014     65.095     65.095     65.095     65.095           0
Tue 02-18-2014     66.746     66.746     66.746     66.746           0
Fri 02-14-2014     65.134     65.134     65.134     65.134           0
Thu 02-13-2014     65.396     65.396     65.396     65.396           0
Wed 02-12-2014     63.979     63.979     63.979     63.979           0
Tue 02-11-2014     63.806     63.806     63.806     63.806           0
Mon 02-10-2014     61.267     61.267     61.267     61.267           0
Fri 02-07-2014     60.932     60.932     60.932     60.932           0
Thu 02-06-2014     59.297     59.297     59.297     59.297           0
Wed 02-05-2014     57.804     57.804     57.804     57.804           0
Tue 02-04-2014     59.488     59.488     59.488     59.488           0
Mon 02-03-2014     57.763     57.763     57.763     57.763           0
Fri 01-31-2014     64.706     64.706     64.706     64.706           0
Thu 01-30-2014     65.889     65.889     65.889     65.889           0
Wed 01-29-2014     64.017     64.017     64.017     64.017           0
Tue 01-28-2014     65.928     65.928     65.928     65.928           0
Mon 01-27-2014     64.144     64.144     64.144     64.144           0
Fri 01-24-2014     67.049     67.049     67.049     67.049           0
Thu 01-23-2014     70.660     70.660     70.660     70.660           0
Wed 01-22-2014     71.753     71.753     71.753     71.753           0
Tue 01-21-2014     71.557     71.557     71.557     71.557           0
Fri 01-17-2014     71.178     71.178     71.178     71.178           0
Thu 01-16-2014     71.765     71.765     71.765     71.765           0
Wed 01-15-2014     71.454     71.454     71.454     71.454           0
Tue 01-14-2014     70.695     70.695     70.695     70.695           0
Mon 01-13-2014     68.383     68.383     68.383     68.383           0
Fri 01-10-2014     70.431     70.431     70.431     70.431           0
Thu 01-09-2014     70.438     70.438     70.438     70.438           0
Wed 01-08-2014     70.574     70.574     70.574     70.574           0
Tue 01-07-2014     71.129     71.129     71.129     71.129           0
Mon 01-06-2014     69.421     69.421     69.421     69.421           0
Fri 01-03-2014     70.149     70.149     70.149     70.149           0
Thu 01-02-2014     68.827     68.827     68.827     68.827           0
Tue 12-31-2013     68.838     68.838     68.838     68.838           0
Mon 12-30-2013     68.492     68.492     68.492     68.492           0
Fri 12-27-2013     67.616     67.616     67.616     67.616           0
Thu 12-26-2013     68.012     68.012     68.012     68.012           0
Tue 12-24-2013     67.528     67.528     67.528     67.528           0
Mon 12-23-2013     67.435     67.435     67.435     67.435           0
Fri 12-20-2013     66.444     66.444     66.444     66.444           0
Thu 12-19-2013     64.856     64.856     64.856     64.856           0
Wed 12-18-2013     64.669     64.669     64.669     64.669           0
Tue 12-17-2013     64.032     64.032     64.032     64.032           0
Mon 12-16-2013     63.738     63.738     63.738     63.738           0
Fri 12-13-2013     62.741     62.741     62.741     62.741           0
Thu 12-12-2013     61.514     61.514     61.514     61.514           0
Wed 12-11-2013     63.118     63.118     63.118     63.118           0
Tue 12-10-2013     64.640     64.640     64.640     64.640           0
Mon 12-09-2013     65.746     65.746     65.746     65.746           0
Fri 12-06-2013     66.520     66.520     66.520     66.520           0
Thu 12-05-2013     66.500     66.500     66.500     66.500           0
Wed 12-04-2013     66.125     66.125     66.125     66.125           0
Tue 12-03-2013     66.395     66.395     66.395     66.395           0
Mon 12-02-2013     67.483     67.483     67.483     67.483           0
Fri 11-29-2013     68.703     68.703     68.703     68.703           0
Wed 11-27-2013     68.411     68.411     68.411     68.411           0
Tue 11-26-2013     67.873     67.873     67.873     67.873           0
Mon 11-25-2013     66.959     66.959     66.959     66.959           0
Fri 11-22-2013     67.192     67.192     67.192     67.192           0
Thu 11-21-2013     67.677     67.677     67.677     67.677           0
Wed 11-20-2013     65.869     65.869     65.869     65.869           0
Tue 11-19-2013     65.909     65.909     65.909     65.909           0
Mon 11-18-2013     67.109     67.109     67.109     67.109           0
Fri 11-15-2013     67.760     67.760     67.760     67.760           0
Thu 11-14-2013     67.421     67.421     67.421     67.421           0
Wed 11-13-2013     67.483     67.483     67.483     67.483           0
Tue 11-12-2013     67.065     67.065     67.065     67.065           0
Mon 11-11-2013     66.855     66.855     66.855     66.855           0
Fri 11-08-2013     66.856     66.856     66.856     66.856           0
Thu 11-07-2013     65.837     65.837     65.837     65.837           0
Wed 11-06-2013     66.901     66.901     66.901     66.901           0
Tue 11-05-2013     67.475     67.475     67.475     67.475           0
Mon 11-04-2013     68.112     68.112     68.112     68.112           0
Fri 11-01-2013     67.765     67.765     67.765     67.765           0
Thu 10-31-2013     67.943     67.943     67.943     67.943           0
Wed 10-30-2013     68.893     68.893     68.893     68.893           0
Tue 10-29-2013     71.075     71.075     71.075     71.075           0
Mon 10-28-2013     71.018     71.018     71.018     71.018           0
Fri 10-25-2013     71.252     71.252     71.252     71.252           0
Thu 10-24-2013     71.790     71.790     71.790     71.790           0
Wed 10-23-2013     71.775     71.775     71.775     71.775           0
Tue 10-22-2013     72.763     72.763     72.763     72.763           0
Mon 10-21-2013     72.375     72.375     72.375     72.375           0
Fri 10-18-2013     72.739     72.739     72.739     72.739           0
Thu 10-17-2013     71.719     71.719     71.719     71.719           0
Wed 10-16-2013     70.561     70.561     70.561     70.561           0
Tue 10-15-2013     69.808     69.808     69.808     69.808           0
Mon 10-14-2013     70.972     70.972     70.972     70.972           0
Fri 10-11-2013     70.831     70.831     70.831     70.831           0
Thu 10-10-2013     69.123     69.123     69.123     69.123           0
Wed 10-09-2013     65.531     65.531     65.531     65.531           0
Tue 10-08-2013     66.156     66.156     66.156     66.156           0
Mon 10-07-2013     69.014     69.014     69.014     69.014           0
Fri 10-04-2013     70.608     70.608     70.608     70.608           0
Thu 10-03-2013     69.987     69.987     69.987     69.987           0
Wed 10-02-2013     71.611     71.611     71.611     71.611           0
Tue 10-01-2013     71.879     71.879     71.879     71.879           0
Mon 09-30-2013     70.415     70.415     70.415     70.415           0
Fri 09-27-2013     71.313     71.313     71.313     71.313           0
Thu 09-26-2013     71.755     71.755     71.755     71.755           0
Wed 09-25-2013     70.671     70.671     70.671     70.671           0
Tue 09-24-2013     70.817     70.817     70.817     70.817           0
Mon 09-23-2013     70.370     70.370     70.370     70.370           0
Fri 09-20-2013     70.994     70.994     70.994     70.994           0
Thu 09-19-2013     71.567     71.567     71.567     71.567           0
Wed 09-18-2013     72.621     72.621     72.621     72.621           0
Tue 09-17-2013     71.252     71.252     71.252     71.252           0
Mon 09-16-2013     70.531     70.531     70.531     70.531           0
Fri 09-13-2013     70.172     70.172     70.172     70.172           0
Thu 09-12-2013     69.273     69.273     69.273     69.273           0
Wed 09-11-2013     70.048     70.048     70.048     70.048           0
Tue 09-10-2013     69.728     69.728     69.728     69.728           0
Mon 09-09-2013     70.096     70.096     70.096     70.096           0
Fri 09-06-2013     67.742     67.742     67.742     67.742           0
Thu 09-05-2013     67.773     67.773     67.773     67.773           0
Wed 09-04-2013     67.103     67.103     67.103     67.103           0
Tue 09-03-2013     65.271     65.271     65.271     65.271           0
Fri 08-30-2013     65.842     65.842     65.842     65.842           0
Thu 08-29-2013     67.516     67.516     67.516     67.516           0
Wed 08-28-2013     66.416     66.416     66.416     66.416           0
Tue 08-27-2013     66.034     66.034     66.034     66.034           0
Mon 08-26-2013     69.059     69.059     69.059     69.059           0
Fri 08-23-2013     69.085     69.085     69.085     69.085           0
Thu 08-22-2013     68.775     68.775     68.775     68.775           0
Wed 08-21-2013     67.273     67.273     67.273     67.273           0
Tue 08-20-2013     67.850     67.850     67.850     67.850           0
Mon 08-19-2013     66.600     66.600     66.600     66.600           0
Fri 08-16-2013     68.721     68.721     68.721     68.721           0
Thu 08-15-2013     68.868     68.868     68.868     68.868           0
Wed 08-14-2013     71.332     71.332     71.332     71.332           0
Tue 08-13-2013     71.505     71.505     71.505     71.505           0
Mon 08-12-2013     72.405     72.405     72.405     72.405           0
Fri 08-09-2013     72.110     72.110     72.110     72.110           0
Thu 08-08-2013     72.856     72.856     72.856     72.856           0
Wed 08-07-2013     72.814     72.814     72.814     72.814           0
Tue 08-06-2013     74.336     74.336     74.336     74.336           0
Mon 08-05-2013     74.966     74.966     74.966     74.966           0
Fri 08-02-2013     73.993     73.993     73.993     73.993           0
Thu 08-01-2013     74.018     74.018     74.018     74.018           0
Wed 07-31-2013     73.347     73.347     73.347     73.347           0
Tue 07-30-2013     73.240     73.240     73.240     73.240           0
Mon 07-29-2013     73.203     73.203     73.203     73.203           0
Fri 07-26-2013     73.864     73.864     73.864     73.864           0
Thu 07-25-2013     74.356     74.356     74.356     74.356           0
Wed 07-24-2013     73.549     73.549     73.549     73.549           0
Tue 07-23-2013     74.356     74.356     74.356     74.356           0
Mon 07-22-2013     74.868     74.868     74.868     74.868           0
Fri 07-19-2013     74.200     74.200     74.200     74.200           0
Thu 07-18-2013     73.776     73.776     73.776     73.776           0
Wed 07-17-2013     73.139     73.139     73.139     73.139           0
Tue 07-16-2013     72.933     72.933     72.933     72.933           0
Mon 07-15-2013     73.067     73.067     73.067     73.067           0
Fri 07-12-2013     71.992     71.992     71.992     71.992           0
Thu 07-11-2013     71.493     71.493     71.493     71.493           0
Wed 07-10-2013     70.298     70.298     70.298     70.298           0
Tue 07-09-2013     69.291     69.291     69.291     69.291           0
Mon 07-08-2013     68.730     68.730     68.730     68.730           0
Fri 07-05-2013     68.449     68.449     68.449     68.449           0
Wed 07-03-2013     67.122     67.122     67.122     67.122           0
Tue 07-02-2013     66.344     66.344     66.344     66.344           0
Mon 07-01-2013     66.903     66.903     66.903     66.903           0
Fri 06-28-2013     65.173     65.173     65.173     65.173           0
Thu 06-27-2013     65.273     65.273     65.273     65.273           0
Wed 06-26-2013     62.013     62.013     62.013     62.013           0
Tue 06-25-2013     61.915     61.915     61.915     61.915           0
Mon 06-24-2013     61.149     61.149     61.149     61.149           0
Fri 06-21-2013     62.279     62.279     62.279     62.279           0
Thu 06-20-2013     61.853     61.853     61.853     61.853           0
Wed 06-19-2013     66.259     66.259     66.259     66.259           0
Tue 06-18-2013     68.200     68.200     68.200     68.200           0
Mon 06-17-2013     66.464     66.464     66.464     66.464           0
Fri 06-14-2013     65.320     65.320     65.320     65.320           0
Thu 06-13-2013     66.711     66.711     66.711     66.711           0
Wed 06-12-2013     64.505     64.505     64.505     64.505           0
Tue 06-11-2013     65.598     65.598     65.598     65.598           0
Mon 06-10-2013     67.600     67.600     67.600     67.600           0
Fri 06-07-2013     66.756     66.756     66.756     66.756           0
Thu 06-06-2013     65.344     65.344     65.344     65.344           0
Wed 06-05-2013     64.957     64.957     64.957     64.957           0
Tue 06-04-2013     67.257     67.257     67.257     67.257           0
Mon 06-03-2013     67.680     67.680     67.680     67.680           0
Fri 05-31-2013     67.110     67.110     67.110     67.110           0
Thu 05-30-2013     68.800     68.800     68.800     68.800           0
Wed 05-29-2013     68.040     68.040     68.040     68.040           0
Tue 05-28-2013     68.713     68.713     68.713     68.713           0
Fri 05-24-2013     67.328     67.328     67.328     67.328           0
Thu 05-23-2013     67.676     67.676     67.676     67.676           0
Wed 05-22-2013     66.888     66.888     66.888     66.888           0
Tue 05-21-2013     69.102     69.102     69.102     69.102           0
Mon 05-20-2013     68.368     68.368     68.368     68.368           0
Fri 05-17-2013     68.393     68.393     68.393     68.393           0
Thu 05-16-2013     67.500     67.500     67.500     67.500           0
Wed 05-15-2013     67.731     67.731     67.731     67.731           0
Tue 05-14-2013     68.033     68.033     68.033     68.033           0
Mon 05-13-2013     65.957     65.957     65.957     65.957           0
Fri 05-10-2013     66.214     66.214     66.214     66.214           0
Thu 05-09-2013     65.259     65.259     65.259     65.259           0
Wed 05-08-2013     65.158     65.158     65.158     65.158           0
Tue 05-07-2013     64.291     64.291     64.291     64.291           0
Mon 05-06-2013     63.879     63.879     63.879     63.879           0
Fri 05-03-2013     63.006     63.006     63.006     63.006           0
Thu 05-02-2013     61.310     61.310     61.310     61.310           0
Wed 05-01-2013     58.811     58.811     58.811     58.811           0
Tue 04-30-2013     63.253     63.253     63.253     63.253           0
Mon 04-29-2013     62.318     62.318     62.318     62.318           0
Fri 04-26-2013     61.295     61.295     61.295     61.295           0
Thu 04-25-2013     61.717     61.717     61.717     61.717           0
Wed 04-24-2013     60.478     60.478     60.478     60.478           0
Tue 04-23-2013     60.341     60.341     60.341     60.341           0
Mon 04-22-2013     56.783     56.783     56.783     56.783           0
Fri 04-19-2013     56.459     56.459     56.459     56.459           0
Thu 04-18-2013     55.069     55.069     55.069     55.069           0
Wed 04-17-2013     56.742     56.742     56.742     56.742           0
Tue 04-16-2013     59.849     59.849     59.849     59.849           0
Mon 04-15-2013     58.054     58.054     58.054     58.054           0
Fri 04-12-2013     64.038     64.038     64.038     64.038           0
Thu 04-11-2013     64.666     64.666     64.666     64.666           0
Wed 04-10-2013     64.939     64.939     64.939     64.939           0
Tue 04-09-2013     61.017     61.017     61.017     61.017           0
Mon 04-08-2013     61.685     61.685     61.685     61.685           0
Fri 04-05-2013     61.164     61.164     61.164     61.164           0
Thu 04-04-2013     61.179     61.179     61.179     61.179           0
Wed 04-03-2013     60.770     60.770     60.770     60.770           0
Tue 04-02-2013     62.753     62.753     62.753     62.753           0
Mon 04-01-2013     63.378     63.378     63.378     63.378           0
Thu 03-28-2013     65.513     65.513     65.513     65.513           0
Wed 03-27-2013     65.822     65.822     65.822     65.822           0
Tue 03-26-2013     65.185     65.185     65.185     65.185           0
Mon 03-25-2013     65.689     65.689     65.689     65.689           0
Fri 03-22-2013     66.712     66.712     66.712     66.712           0
Thu 03-21-2013     66.149     66.149     66.149     66.149           0
Wed 03-20-2013     67.478     67.478     67.478     67.478           0
Tue 03-19-2013     66.130     66.130     66.130     66.130           0
Mon 03-18-2013     66.867     66.867     66.867     66.867           0
Fri 03-15-2013     68.091     68.091     68.091     68.091           0
Thu 03-14-2013     68.529     68.529     68.529     68.529           0
Wed 03-13-2013     67.733     67.733     67.733     67.733           0
Tue 03-12-2013     67.483     67.483     67.483     67.483           0
Mon 03-11-2013     67.806     67.806     67.806     67.806           0
Fri 03-08-2013     67.808     67.808     67.808     67.808           0
Thu 03-07-2013     65.773     65.773     65.773     65.773           0
Wed 03-06-2013     65.385     65.385     65.385     65.385           0
Tue 03-05-2013     64.094     64.094     64.094     64.094           0
Mon 03-04-2013     62.466     62.466     62.466     62.466           0
Fri 03-01-2013     63.356     63.356     63.356     63.356           0
Thu 02-28-2013     62.398     62.398     62.398     62.398           0
Wed 02-27-2013     61.869     61.869     61.869     61.869           0
Tue 02-26-2013     61.160     61.160     61.160     61.160           0
Mon 02-25-2013     60.544     60.544     60.544     60.544           0
Fri 02-22-2013     64.033     64.033     64.033     64.033           0
Thu 02-21-2013     62.160     62.160     62.160     62.160           0
Wed 02-20-2013     64.358     64.358     64.358     64.358           0
Tue 02-19-2013     66.575     66.575     66.575     66.575           0
Fri 02-15-2013     65.289     65.289     65.289     65.289           0
Thu 02-14-2013     65.517     65.517     65.517     65.517           0
Wed 02-13-2013     64.369     64.369     64.369     64.369           0
Tue 02-12-2013     64.657     64.657     64.657     64.657           0
Mon 02-11-2013     63.680     63.680     63.680     63.680           0
Fri 02-08-2013     63.724     63.724     63.724     63.724           0
Thu 02-07-2013     62.663     62.663     62.663     62.663           0
Wed 02-06-2013     63.755     63.755     63.755     63.755           0
Tue 02-05-2013     63.256     63.256     63.256     63.256           0
Mon 02-04-2013     62.319     62.319     62.319     62.319           0
Fri 02-01-2013     64.921     64.921     64.921     64.921           0
Thu 01-31-2013     63.303     63.303     63.303     63.303           0
Wed 01-30-2013     62.277     62.277     62.277     62.277           0
Tue 01-29-2013     63.866     63.866     63.866     63.866           0
Mon 01-28-2013     63.180     63.180     63.180     63.180           0
Fri 01-25-2013     62.517     62.517     62.517     62.517           0
Thu 01-24-2013     62.134     62.134     62.134     62.134           0
Wed 01-23-2013     61.533     61.533     61.533     61.533           0
Tue 01-22-2013     61.676     61.676     61.676     61.676           0
Fri 01-18-2013     61.301     61.301     61.301     61.301           0
Thu 01-17-2013     60.736     60.736     60.736     60.736           0
Wed 01-16-2013     60.244     60.244     60.244     60.244           0
Tue 01-15-2013     60.203     60.203     60.203     60.203           0
Mon 01-14-2013     59.392     59.392     59.392     59.392           0
Fri 01-11-2013     58.660     58.660     58.660     58.660           0
Thu 01-10-2013     59.137     59.137     59.137     59.137           0
Wed 01-09-2013     57.980     57.980     57.980     57.980           0
Tue 01-08-2013     56.832     56.832     56.832     56.832           0
Mon 01-07-2013     57.541     57.541     57.541     57.541           0
Fri 01-04-2013     58.952     58.952     58.952     58.952           0
Thu 01-03-2013     57.065     57.065     57.065     57.065           0
Wed 01-02-2013     57.026     57.026     57.026     57.026           0
Mon 12-31-2012     49.692     49.692     49.692     49.692           0
Fri 12-28-2012     45.902     45.902     45.902     45.902           0
Thu 12-27-2012     47.271     47.271     47.271     47.271           0
Wed 12-26-2012     47.776     47.776     47.776     47.776           0
Mon 12-24-2012     48.771     48.771     48.771     48.771           0
Fri 12-21-2012     49.393     49.393     49.393     49.393           0
Thu 12-20-2012     51.575     51.575     51.575     51.575           0
Wed 12-19-2012     50.565     50.565     50.565     50.565           0
Tue 12-18-2012     49.859     49.859     49.859     49.859           0
Mon 12-17-2012     47.380     47.380     47.380     47.380           0
Fri 12-14-2012     44.113     44.113     44.113     44.113           0
Thu 12-13-2012     44.326     44.326     44.326     44.326           0
Wed 12-12-2012     46.316     46.316     46.316     46.316           0
Tue 12-11-2012     47.084     47.084     47.084     47.084           0
Mon 12-10-2012     44.781     44.781     44.781     44.781           0
Fri 12-07-2012     42.354     42.354     42.354     42.354           0
Thu 12-06-2012     42.706     42.706     42.706     42.706           0
Wed 12-05-2012     42.526     42.526     42.526     42.526           0
Tue 12-04-2012     43.289     43.289     43.289     43.289           0
Mon 12-03-2012     43.715     43.715     43.715     43.715           0
Fri 11-30-2012     45.042     45.042     45.042     45.042           0
Thu 11-29-2012     44.957     44.957     44.957     44.957           0
Wed 11-28-2012     43.236     43.236     43.236     43.236           0
Tue 11-27-2012     41.757     41.757     41.757     41.757           0
Mon 11-26-2012     41.552     41.552     41.552     41.552           0
Fri 11-23-2012     41.576     41.576     41.576     41.576           0
Wed 11-21-2012     38.374     38.374     38.374     38.374           0
Tue 11-20-2012     36.906     36.906     36.906     36.906           0
Mon 11-19-2012     37.145     37.145     37.145     37.145           0
Fri 11-16-2012     33.215     33.215     33.215     33.215           0
Thu 11-15-2012     31.439     31.439     31.439     31.439           0
Wed 11-14-2012     32.244     32.244     32.244     32.244           0
Tue 11-13-2012     36.410     36.410     36.410     36.410           0
Mon 11-12-2012     36.584     36.584     36.584     36.584           0
Fri 11-09-2012     37.657     37.657     37.657     37.657           0
Thu 11-08-2012     37.113     37.113     37.113     37.113           0
Wed 11-07-2012     40.590     40.590     40.590     40.590           0
Tue 11-06-2012     45.861     45.861     45.861     45.861           0
Mon 11-05-2012     43.494     43.494     43.494     43.494           0
Fri 11-02-2012     42.282     42.282     42.282     42.282           0
Thu 11-01-2012     45.759     45.759     45.759     45.759           0
Wed 10-31-2012     43.231     43.231     43.231     43.231           0
Fri 10-26-2012     43.318     43.318     43.318     43.318           0
Thu 10-25-2012     44.378     44.378     44.378     44.378           0
Wed 10-24-2012     43.902     43.902     43.902     43.902           0
Tue 10-23-2012     44.477     44.477     44.477     44.477           0
Mon 10-22-2012     46.176     46.176     46.176     46.176           0
Fri 10-19-2012     46.866     46.866     46.866     46.866           0
Thu 10-18-2012     50.108     50.108     50.108     50.108           0
Wed 10-17-2012     52.343     52.343     52.343     52.343           0
Tue 10-16-2012     51.154     51.154     51.154     51.154           0
Mon 10-15-2012     50.324     50.324     50.324     50.324           0
Fri 10-12-2012     48.701     48.701     48.701     48.701           0
Thu 10-11-2012     50.391     50.391     50.391     50.391           0
Wed 10-10-2012     49.753     49.753     49.753     49.753           0
Tue 10-09-2012     50.385     50.385     50.385     50.385           0
Mon 10-08-2012     53.479     53.479     53.479     53.479           0
Fri 10-05-2012     54.577     54.577     54.577     54.577           0
Thu 10-04-2012     54.796     54.796     54.796     54.796           0
Wed 10-03-2012     53.151     53.151     53.151     53.151           0
Tue 10-02-2012     53.867     53.867     53.867     53.867           0
Mon 10-01-2012     54.577     54.577     54.577     54.577           0
Fri 09-28-2012     54.439     54.439     54.439     54.439           0
Thu 09-27-2012     55.793     55.793     55.793     55.793           0
Wed 09-26-2012     53.596     53.596     53.596     53.596           0
Tue 09-25-2012     55.041     55.041     55.041     55.041           0
Mon 09-24-2012     57.647     57.647     57.647     57.647           0
Fri 09-21-2012     58.026     58.026     58.026     58.026           0
Thu 09-20-2012     56.960     56.960     56.960     56.960           0
Wed 09-19-2012     57.684     57.684     57.684     57.684           0
Tue 09-18-2012     58.477     58.477     58.477     58.477           0
Mon 09-17-2012     58.363     58.363     58.363     58.363           0
Fri 09-14-2012     59.249     59.249     59.249     59.249           0
Thu 09-13-2012     56.978     56.978     56.978     56.978           0
Wed 09-12-2012     54.862     54.862     54.862     54.862           0
Tue 09-11-2012     54.148     54.148     54.148     54.148           0
Mon 09-10-2012     53.902     53.902     53.902     53.902           0
Fri 09-07-2012     54.612     54.612     54.612     54.612           0
Thu 09-06-2012     54.412     54.412     54.412     54.412           0
Wed 09-05-2012     50.933     50.933     50.933     50.933           0
Tue 09-04-2012     51.860     51.860     51.860     51.860           0
Fri 08-31-2012     49.554     49.554     49.554     49.554           0
Thu 08-30-2012     49.151     49.151     49.151     49.151           0
Wed 08-29-2012     51.887     51.887     51.887     51.887           0
Tue 08-28-2012     50.982     50.982     50.982     50.982           0
Mon 08-27-2012     49.604     49.604     49.604     49.604           0
Fri 08-24-2012     50.979     50.979     50.979     50.979           0
Thu 08-23-2012     50.215     50.215     50.215     50.215           0
Wed 08-22-2012     51.204     51.204     51.204     51.204           0
Tue 08-21-2012     51.307     51.307     51.307     51.307           0
Mon 08-20-2012     51.727     51.727     51.727     51.727           0
Fri 08-17-2012     52.576     52.576     52.576     52.576           0
Thu 08-16-2012     51.994     51.994     51.994     51.994           0
Wed 08-15-2012     49.857     49.857     49.857     49.857           0
Tue 08-14-2012     47.518     47.518     47.518     47.518           0
Mon 08-13-2012     49.218     49.218     49.218     49.218           0
Fri 08-10-2012     49.467     49.467     49.467     49.467           0
Thu 08-09-2012     50.036     50.036     50.036     50.036           0
Wed 08-08-2012     49.751     49.751     49.751     49.751           0
Tue 08-07-2012     50.789     50.789     50.789     50.789           0
Mon 08-06-2012     48.271     48.271     48.271     48.271           0
Fri 08-03-2012     47.050     47.050     47.050     47.050           0
Thu 08-02-2012     42.991     42.991     42.991     42.991           0
Wed 08-01-2012     43.428     43.428     43.428     43.428           0
Tue 07-31-2012     46.397     46.397     46.397     46.397           0
Mon 07-30-2012     47.206     47.206     47.206     47.206           0
Fri 07-27-2012     49.747     49.747     49.747     49.747           0
Thu 07-26-2012     44.662     44.662     44.662     44.662           0
Wed 07-25-2012     42.930     42.930     42.930     42.930           0
Tue 07-24-2012     42.311     42.311     42.311     42.311           0
Mon 07-23-2012     42.924     42.924     42.924     42.924           0
Fri 07-20-2012     46.877     46.877     46.877     46.877           0
Thu 07-19-2012     48.645     48.645     48.645     48.645           0
Wed 07-18-2012     48.743     48.743     48.743     48.743           0
Tue 07-17-2012     47.625     47.625     47.625     47.625           0
Mon 07-16-2012     47.249     47.249     47.249     47.249           0
Fri 07-13-2012     48.632     48.632     48.632     48.632           0
Thu 07-12-2012     46.715     46.715     46.715     46.715           0
Wed 07-11-2012     47.308     47.308     47.308     47.308           0
Tue 07-10-2012     47.786     47.786     47.786     47.786           0
Mon 07-09-2012     50.121     50.121     50.121     50.121           0
Fri 07-06-2012     51.425     51.425     51.425     51.425           0
Thu 07-05-2012     53.253     53.253     53.253     53.253           0
Tue 07-03-2012     53.089     53.089     53.089     53.089           0
Mon 07-02-2012     51.728     51.728     51.728     51.728           0
Fri 06-29-2012     49.764     49.764     49.764     49.764           0
Thu 06-28-2012     45.027     45.027     45.027     45.027           0
Wed 06-27-2012     45.454     45.454     45.454     45.454           0
Tue 06-26-2012     44.340     44.340     44.340     44.340           0
Mon 06-25-2012     43.136     43.136     43.136     43.136           0
Fri 06-22-2012     46.549     46.549     46.549     46.549           0
Thu 06-21-2012     42.089     42.089     42.089     42.089           0
Wed 06-20-2012     47.333     47.333     47.333     47.333           0
Tue 06-19-2012     47.640     47.640     47.640     47.640           0
Mon 06-18-2012     44.881     44.881     44.881     44.881           0
Fri 06-15-2012     44.320     44.320     44.320     44.320           0
Thu 06-14-2012     42.190     42.190     42.190     42.190           0
Wed 06-13-2012     39.938     39.938     39.938     39.938           0
Tue 06-12-2012     42.184     42.184     42.184     42.184           0
Mon 06-11-2012     40.223     40.223     40.223     40.223           0
Fri 06-08-2012     43.107     43.107     43.107     43.107           0
Thu 06-07-2012     40.670     40.670     40.670     40.670           0
Wed 06-06-2012     41.275     41.275     41.275     41.275           0
Tue 06-05-2012     36.959     36.959     36.959     36.959           0
Mon 06-04-2012     35.631     35.631     35.631     35.631           0
Fri 06-01-2012     35.855     35.855     35.855     35.855           0
Thu 05-31-2012     40.750     40.750     40.750     40.750           0
Wed 05-30-2012     41.481     41.481     41.481     41.481           0
Tue 05-29-2012     43.313     43.313     43.313     43.313           0
Fri 05-25-2012     42.515     42.515     42.515     42.515           0
Thu 05-24-2012     42.150     42.150     42.150     42.150           0
Wed 05-23-2012     42.586     42.586     42.586     42.586           0
Tue 05-22-2012     41.291     41.291     41.291     41.291           0
Mon 05-21-2012     42.406     42.406     42.406     42.406           0
Fri 05-18-2012     39.695     39.695     39.695     39.695           0
Thu 05-17-2012     41.809     41.809     41.809     41.809           0
Wed 05-16-2012     44.161     44.161     44.161     44.161           0
Tue 05-15-2012     45.189     45.189     45.189     45.189           0
Mon 05-14-2012     46.585     46.585     46.585     46.585           0
Fri 05-11-2012     48.713     48.713     48.713     48.713           0
Thu 05-10-2012     49.479     49.479     49.479     49.479           0
Wed 05-09-2012     49.077     49.077     49.077     49.077           0
Tue 05-08-2012     49.877     49.877     49.877     49.877           0
Mon 05-07-2012     50.428     50.428     50.428     50.428           0
Fri 05-04-2012     49.756     49.756     49.756     49.756           0
Thu 05-03-2012     53.146     53.146     53.146     53.146           0
Wed 05-02-2012     56.250     56.250     56.250     56.250           0
Tue 05-01-2012     56.212     56.212     56.212     56.212           0
Mon 04-30-2012     56.712     56.712     56.712     56.712           0
Fri 04-27-2012     58.180     58.180     58.180     58.180           0
Thu 04-26-2012     57.388     57.388     57.388     57.388           0
Wed 04-25-2012     55.793     55.793     55.793     55.793           0
Tue 04-24-2012     52.866     52.866     52.866     52.866           0
Mon 04-23-2012     52.124     52.124     52.124     52.124           0
Fri 04-20-2012     54.291     54.291     54.291     54.291           0
Thu 04-19-2012     53.207     53.207     53.207     53.207           0
Wed 04-18-2012     54.326     54.326     54.326     54.326           0
Tue 04-17-2012     55.669     55.669     55.669     55.669           0
Mon 04-16-2012     53.438     53.438     53.438     53.438           0
Fri 04-13-2012     53.832     53.832     53.832     53.832           0
Thu 04-12-2012     56.501     56.501     56.501     56.501           0
Wed 04-11-2012     54.036     54.036     54.036     54.036           0
Tue 04-10-2012     51.287     51.287     51.287     51.287           0
Mon 04-09-2012     54.710     54.710     54.710     54.710           0
Thu 04-05-2012     58.132     58.132     58.132     58.132           0
Wed 04-04-2012     57.904     57.904     57.904     57.904           0
Tue 04-03-2012     59.868     59.868     59.868     59.868           0
Mon 04-02-2012     61.644     61.644     61.644     61.644           0
Fri 03-30-2012     60.238     60.238     60.238     60.238           0
Thu 03-29-2012     60.714     60.714     60.714     60.714           0
Wed 03-28-2012     61.121     61.121     61.121     61.121           0
Tue 03-27-2012     61.780     61.780     61.780     61.780           0
Mon 03-26-2012     62.323     62.323     62.323     62.323           0
Fri 03-23-2012     60.141     60.141     60.141     60.141           0
Thu 03-22-2012     58.475     58.475     58.475     58.475           0
Wed 03-21-2012     60.246     60.246     60.246     60.246           0
Tue 03-20-2012     59.614     59.614     59.614     59.614           0
Mon 03-19-2012     60.187     60.187     60.187     60.187           0
Fri 03-16-2012     58.792     58.792     58.792     58.792           0
Thu 03-15-2012     58.574     58.574     58.574     58.574           0
Wed 03-14-2012     57.210     57.210     57.210     57.210           0
Tue 03-13-2012     58.309     58.309     58.309     58.309           0
Mon 03-12-2012     55.745     55.745     55.745     55.745           0
Fri 03-09-2012     56.073     56.073     56.073     56.073           0
Thu 03-08-2012     54.776     54.776     54.776     54.776           0
Wed 03-07-2012     52.263     52.263     52.263     52.263           0
Tue 03-06-2012     50.413     50.413     50.413     50.413           0
Mon 03-05-2012     53.737     53.737     53.737     53.737           0
Fri 03-02-2012     55.015     55.015     55.015     55.015           0
Thu 03-01-2012     55.693     55.693     55.693     55.693           0
Wed 02-29-2012     55.464     55.464     55.464     55.464           0
Tue 02-28-2012     57.994     57.994     57.994     57.994           0
Mon 02-27-2012     56.795     56.795     56.795     56.795           0
Fri 02-24-2012     56.848     56.848     56.848     56.848           0
Thu 02-23-2012     57.488     57.488     57.488     57.488           0
Wed 02-22-2012     55.156     55.156     55.156     55.156           0
Tue 02-21-2012     56.755     56.755     56.755     56.755           0
Fri 02-17-2012     57.387     57.387     57.387     57.387           0
Thu 02-16-2012     56.926     56.926     56.926     56.926           0
Wed 02-15-2012     54.567     54.567     54.567     54.567           0
Tue 02-14-2012     54.761     54.761     54.761     54.761           0
Mon 02-13-2012     55.227     55.227     55.227     55.227           0
Fri 02-10-2012     53.535     53.535     53.535     53.535           0
Thu 02-09-2012     56.053     56.053     56.053     56.053           0
Wed 02-08-2012     56.407     56.407     56.407     56.407           0
Tue 02-07-2012     56.074     56.074     56.074     56.074           0
Mon 02-06-2012     55.648     55.648     55.648     55.648           0
Fri 02-03-2012     55.576     55.576     55.576     55.576           0
Thu 02-02-2012     52.734     52.734     52.734     52.734           0
Wed 02-01-2012     51.373     51.373     51.373     51.373           0
Tue 01-31-2012     47.514     47.514     47.514     47.514           0
Mon 01-30-2012     47.203     47.203     47.203     47.203           0
Fri 01-27-2012     48.779     48.779     48.779     48.779           0
Thu 01-26-2012     47.780     47.780     47.780     47.780           0
Wed 01-25-2012     47.437     47.437     47.437     47.437           0
Tue 01-24-2012     45.143     45.143     45.143     45.143           0
Mon 01-23-2012     44.721     44.721     44.721     44.721           0
Fri 01-20-2012     44.802     44.802     44.802     44.802           0
Thu 01-19-2012     44.190     44.190     44.190     44.190           0
Wed 01-18-2012     42.612     42.612     42.612     42.612           0
Tue 01-17-2012     39.432     39.432     39.432     39.432           0
Fri 01-13-2012     38.795     38.795     38.795     38.795           0
Thu 01-12-2012     39.904     39.904     39.904     39.904           0
Wed 01-11-2012     39.352     39.352     39.352     39.352           0
Tue 01-10-2012     38.619     38.619     38.619     38.619           0
Mon 01-09-2012     36.216     36.216     36.216     36.216           0
Fri 01-06-2012     34.712     34.712     34.712     34.712           0
Thu 01-05-2012     34.825     34.825     34.825     34.825           0
Wed 01-04-2012     33.253     33.253     33.253     33.253           0
Tue 01-03-2012     33.994     33.994     33.994     33.994           0
Fri 12-30-2011     31.395     31.395     31.395     31.395           0
Thu 12-29-2011     31.516     31.516     31.516     31.516           0
Wed 12-28-2011     29.959     29.959     29.959     29.959           0
Tue 12-27-2011     32.845     32.845     32.845     32.845           0
Fri 12-23-2011     32.126     32.126     32.126     32.126           0
Thu 12-22-2011     31.371     31.371     31.371     31.371           0
Wed 12-21-2011     29.876     29.876     29.876     29.876           0
Tue 12-20-2011     29.606     29.606     29.606     29.606           0
Mon 12-19-2011     24.539     24.539     24.539     24.539           0
Fri 12-16-2011     27.224     27.224     27.224     27.224           0
Thu 12-15-2011     25.939     25.939     25.939     25.939           0
Wed 12-14-2011     24.482     24.482     24.482     24.482           0
Tue 12-13-2011     26.284     26.284     26.284     26.284           0
Mon 12-12-2011     29.129     29.129     29.129     29.129           0
Fri 12-09-2011     31.637     31.637     31.637     31.637           0
Thu 12-08-2011     26.033     26.033     26.033     26.033           0
Wed 12-07-2011     31.505     31.505     31.505     31.505           0
Tue 12-06-2011     31.334     31.334     31.334     31.334           0
Mon 12-05-2011     31.369     31.369     31.369     31.369           0
Fri 12-02-2011     29.463     29.463     29.463     29.463           0
Thu 12-01-2011     27.805     27.805     27.805     27.805           0
Wed 11-30-2011     29.164     29.164     29.164     29.164           0
Tue 11-29-2011     20.782     20.782     20.782     20.782           0
Mon 11-28-2011     21.313     21.313     21.313     21.313           0
Fri 11-25-2011     16.250     16.250     16.250     16.250           0
Wed 11-23-2011     17.170     17.170     17.170     17.170           0
Tue 11-22-2011     19.988     19.988     19.988     19.988           0
Mon 11-21-2011     21.260     21.260     21.260     21.260           0
Fri 11-18-2011     24.502     24.502     24.502     24.502           0
Thu 11-17-2011     24.910     24.910     24.910     24.910           0
Wed 11-16-2011     27.918     27.918     27.918     27.918           0
Tue 11-15-2011     30.048     30.048     30.048     30.048           0
Mon 11-14-2011     28.468     28.468     28.468     28.468           0
Fri 11-11-2011     30.797     30.797     30.797     30.797           0
Thu 11-10-2011     26.760     26.760     26.760     26.760           0
Wed 11-09-2011     25.107     25.107     25.107     25.107           0
Tue 11-08-2011     33.496     33.496     33.496     33.496           0
Mon 11-07-2011     32.211     32.211     32.211     32.211           0
Fri 11-04-2011     31.782     31.782     31.782     31.782           0
Thu 11-03-2011     32.885     32.885     32.885     32.885           0
Wed 11-02-2011     28.641     28.641     28.641     28.641           0
Tue 11-01-2011     24.032     24.032     24.032     24.032           0
Mon 10-31-2011     30.294     30.294     30.294     30.294           0
Fri 10-28-2011     35.330     35.330     35.330     35.330           0
Thu 10-27-2011     36.342     36.342     36.342     36.342           0
Wed 10-26-2011     27.518     27.518     27.518     27.518           0
Tue 10-25-2011     24.572     24.572     24.572     24.572           0
Mon 10-24-2011     28.807     28.807     28.807     28.807           0
Fri 10-21-2011     24.280     24.280     24.280     24.280           0
Thu 10-20-2011     21.442     21.442     21.442     21.442           0
Wed 10-19-2011     21.122     21.122     21.122     21.122           0
Tue 10-18-2011     22.966     22.966     22.966     22.966           0
Mon 10-17-2011     19.568     19.568     19.568     19.568           0
Fri 10-14-2011     23.146     23.146     23.146     23.146           0
Thu 10-13-2011     20.430     20.430     20.430     20.430           0
Wed 10-12-2011     20.309     20.309     20.309     20.309           0
Tue 10-11-2011     18.306     18.306     18.306     18.306           0
Mon 10-10-2011     17.647     17.647     17.647     17.647           0
Fri 10-07-2011     13.871     13.871     13.871     13.871           0
Thu 10-06-2011     15.160     15.160     15.160     15.160           0
Wed 10-05-2011     13.582     13.582     13.582     13.582           0
Tue 10-04-2011     12.805     12.805     12.805     12.805           0
Mon 10-03-2011     9.8684     9.8684     9.8684     9.8684           0
Fri 09-30-2011     13.727     13.727     13.727     13.727           0
Thu 09-29-2011     15.115     15.115     15.115     15.115           0
Wed 09-28-2011     15.217     15.217     15.217     15.217           0
Tue 09-27-2011     18.029     18.029     18.029     18.029           0
Mon 09-26-2011     16.707     16.707     16.707     16.707           0
Fri 09-23-2011     14.900     14.900     14.900     14.900           0
Thu 09-22-2011     14.372     14.372     14.372     14.372           0
Wed 09-21-2011     16.368     16.368     16.368     16.368           0
Tue 09-20-2011     18.389     18.389     18.389     18.389           0
Mon 09-19-2011     20.198     20.198     20.198     20.198           0
Fri 09-16-2011     21.188     21.188     21.188     21.188           0
Thu 09-15-2011     20.905     20.905     20.905     20.905           0
Wed 09-14-2011     19.829     19.829     19.829     19.829           0
Tue 09-13-2011     18.171     18.171     18.171     18.171           0
Mon 09-12-2011     16.289     16.289     16.289     16.289           0
Fri 09-09-2011     16.545     16.545     16.545     16.545           0
Thu 09-08-2011     19.284     19.284     19.284     19.284           0
Wed 09-07-2011     20.655     20.655     20.655     20.655           0
Tue 09-06-2011     16.218     16.218     16.218     16.218           0
Fri 09-02-2011     16.686     16.686     16.686     16.686           0
Thu 09-01-2011     20.788     20.788     20.788     20.788           0
Wed 08-31-2011     23.103     23.103     23.103     23.103           0
Tue 08-30-2011     23.086     23.086     23.086     23.086           0
Mon 08-29-2011     22.633     22.633     22.633     22.633           0
Fri 08-26-2011     17.224     17.224     17.224     17.224           0
Thu 08-25-2011     14.770     14.770     14.770     14.770           0
Wed 08-24-2011     17.463     17.463     17.463     17.463           0
Tue 08-23-2011     16.557     16.557     16.557     16.557           0
Mon 08-22-2011     12.322     12.322     12.322     12.322           0
Fri 08-19-2011     12.224     12.224     12.224     12.224           0
Thu 08-18-2011     13.892     13.892     13.892     13.892           0
Wed 08-17-2011     20.255     20.255     20.255     20.255           0
Tue 08-16-2011     20.245     20.245     20.245     20.245           0
Mon 08-15-2011     22.333     22.333     22.333     22.333           0
Fri 08-12-2011     19.576     19.576     19.576     19.576           0
Thu 08-11-2011     18.778     18.778     18.778     18.778           0
Wed 08-10-2011     14.413     14.413     14.413     14.413           0
Tue 08-09-2011     18.381     18.381     18.381     18.381           0
Mon 08-08-2011     13.159     13.159     13.159     13.159           0
Fri 08-05-2011     22.467     22.467     22.467     22.467           0
Thu 08-04-2011     24.094     24.094     24.094     24.094           0
Wed 08-03-2011     33.783     33.783     33.783     33.783           0
Tue 08-02-2011     32.024     32.024     32.024     32.024           0
Mon 08-01-2011     38.242     38.242     38.242     38.242           0
Fri 07-29-2011     38.849     38.849     38.849     38.849           0
Thu 07-28-2011     39.488     39.488     39.488     39.488           0
Wed 07-27-2011     40.701     40.701     40.701     40.701           0
Tue 07-26-2011     46.695     46.695     46.695     46.695           0
Mon 07-25-2011     46.995     46.995     46.995     46.995           0
Fri 07-22-2011     49.745     49.745     49.745     49.745           0
Thu 07-21-2011     49.633     49.633     49.633     49.633           0
Wed 07-20-2011     48.129     48.129     48.129     48.129           0
Tue 07-19-2011     48.673     48.673     48.673     48.673           0
Mon 07-18-2011     45.300     45.300     45.300     45.300           0
Fri 07-15-2011     49.155     49.155     49.155     49.155           0
Thu 07-14-2011     48.063     48.063     48.063     48.063           0
Wed 07-13-2011     51.512     51.512     51.512     51.512           0
Tue 07-12-2011     49.805     49.805     49.805     49.805           0
Mon 07-11-2011     50.886     50.886     50.886     50.886           0
Fri 07-08-2011     55.260     55.260     55.260     55.260           0
Thu 07-07-2011     56.281     56.281     56.281     56.281           0
Wed 07-06-2011     53.774     53.774     53.774     53.774           0
Tue 07-05-2011     53.378     53.378     53.378     53.378           0
Fri 07-01-2011     53.744     53.744     53.744     53.744           0
Thu 06-30-2011     51.374     51.374     51.374     51.374           0
Wed 06-29-2011     49.861     49.861     49.861     49.861           0
Tue 06-28-2011     50.000     50.000     50.000     50.000           0
Mon 06-27-2011     47.474     47.474     47.474     47.474           0
Fri 06-24-2011     45.763     45.763     45.763     45.763           0
Thu 06-23-2011     46.766     46.766     46.766     46.766           0
Wed 06-22-2011     46.017     46.017     46.017     46.017           0
Tue 06-21-2011     47.886     47.886     47.886     47.886           0
Mon 06-20-2011     44.278     44.278     44.278     44.278           0
Fri 06-17-2011     43.646     43.646     43.646     43.646           0
Thu 06-16-2011     44.650     44.650     44.650     44.650           0
Wed 06-15-2011     44.954     44.954     44.954     44.954           0
Tue 06-14-2011     47.839     47.839     47.839     47.839           0
Mon 06-13-2011     45.035     45.035     45.035     45.035           0
Fri 06-10-2011     46.096     46.096     46.096     46.096           0
Thu 06-09-2011     48.941     48.941     48.941     48.941           0
Wed 06-08-2011     47.513     47.513     47.513     47.513           0
Tue 06-07-2011     50.765     50.765     50.765     50.765           0
Mon 06-06-2011     51.391     51.391     51.391     51.391           0
Fri 06-03-2011     54.639     54.639     54.639     54.639           0
Thu 06-02-2011     56.974     56.974     56.974     56.974           0
Wed 06-01-2011     56.845     56.845     56.845     56.845           0
Tue 05-31-2011     61.857     61.857     61.857     61.857           0
Fri 05-27-2011     61.048     61.048     61.048     61.048           0
Thu 05-26-2011     59.315     59.315     59.315     59.315           0
Wed 05-25-2011     58.066     58.066     58.066     58.066           0
Tue 05-24-2011     57.006     57.006     57.006     57.006           0
Mon 05-23-2011     57.910     57.910     57.910     57.910           0
Fri 05-20-2011     60.672     60.672     60.672     60.672           0
Thu 05-19-2011     60.887     60.887     60.887     60.887           0
Wed 05-18-2011     61.301     61.301     61.301     61.301           0
Tue 05-17-2011     60.090     60.090     60.090     60.090           0
Mon 05-16-2011     60.305     60.305     60.305     60.305           0
Fri 05-13-2011     63.853     63.853     63.853     63.853           0
Thu 05-12-2011     64.606     64.606     64.606     64.606           0
Wed 05-11-2011     64.153     64.153     64.153     64.153           0
Tue 05-10-2011     65.967     65.967     65.967     65.967           0
Mon 05-09-2011     64.709     64.709     64.709     64.709           0
Fri 05-06-2011     63.466     63.466     63.466     63.466           0
Thu 05-05-2011     62.833     62.833     62.833     62.833           0
Wed 05-04-2011     63.137     63.137     63.137     63.137           0
Tue 05-03-2011     65.657     65.657     65.657     65.657           0
Mon 05-02-2011     66.989     66.989     66.989     66.989           0
Fri 04-29-2011     68.537     68.537     68.537     68.537           0
Thu 04-28-2011     68.141     68.141     68.141     68.141           0
Wed 04-27-2011     67.727     67.727     67.727     67.727           0
Tue 04-26-2011     66.667     66.667     66.667     66.667           0
Mon 04-25-2011     65.396     65.396     65.396     65.396           0
Thu 04-21-2011     65.570     65.570     65.570     65.570           0
Wed 04-20-2011     64.481     64.481     64.481     64.481           0
Tue 04-19-2011     62.364     62.364     62.364     62.364           0
Mon 04-18-2011     62.628     62.628     62.628     62.628           0
Fri 04-15-2011     64.412     64.412     64.412     64.412           0
Thu 04-14-2011     63.862     63.862     63.862     63.862           0
Wed 04-13-2011     63.453     63.453     63.453     63.453           0
Tue 04-12-2011     63.504     63.504     63.504     63.504           0
Mon 04-11-2011     65.556     65.556     65.556     65.556           0
Fri 04-08-2011     66.500     66.500     66.500     66.500           0
Thu 04-07-2011     67.126     67.126     67.126     67.126           0
Wed 04-06-2011     67.694     67.694     67.694     67.694           0
Tue 04-05-2011     66.886     66.886     66.886     66.886           0
Mon 04-04-2011     67.270     67.270     67.270     67.270           0
Fri 04-01-2011     67.159     67.159     67.159     67.159           0
Thu 03-31-2011     66.483     66.483     66.483     66.483           0
Wed 03-30-2011     66.685     66.685     66.685     66.685           0
Tue 03-29-2011     65.966     65.966     65.966     65.966           0
Mon 03-28-2011     65.108     65.108     65.108     65.108           0
Fri 03-25-2011     65.561     65.561     65.561     65.561           0
Thu 03-24-2011     64.523     64.523     64.523     64.523           0
Wed 03-23-2011     64.016     64.016     64.016     64.016           0
Tue 03-22-2011     63.556     63.556     63.556     63.556           0
Mon 03-21-2011     63.831     63.831     63.831     63.831           0
Fri 03-18-2011     61.810     61.810     61.810     61.810           0
Thu 03-17-2011     59.613     59.613     59.613     59.613           0
Wed 03-16-2011     58.963     58.963     58.963     58.963           0
Tue 03-15-2011     61.825     61.825     61.825     61.825           0
Mon 03-14-2011     63.778     63.778     63.778     63.778           0
Fri 03-11-2011     65.449     65.449     65.449     65.449           0
Thu 03-10-2011     65.800     65.800     65.800     65.800           0
Wed 03-09-2011     68.670     68.670     68.670     68.670           0
Tue 03-08-2011     68.562     68.562     68.562     68.562           0
Mon 03-07-2011     66.611     66.611     66.611     66.611           0
Fri 03-04-2011     69.002     69.002     69.002     69.002           0
Thu 03-03-2011     69.955     69.955     69.955     69.955           0
Wed 03-02-2011     67.845     67.845     67.845     67.845           0
Tue 03-01-2011     66.648     66.648     66.648     66.648           0
Mon 02-28-2011     68.072     68.072     68.072     68.072           0
Fri 02-25-2011     68.297     68.297     68.297     68.297           0
Thu 02-24-2011     65.735     65.735     65.735     65.735           0
Wed 02-23-2011     64.358     64.358     64.358     64.358           0
Tue 02-22-2011     65.066     65.066     65.066     65.066           0
Fri 02-18-2011     67.798     67.798     67.798     67.798           0
Thu 02-17-2011     67.778     67.778     67.778     67.778           0
Wed 02-16-2011     66.298     66.298     66.298     66.298           0
Tue 02-15-2011     65.840     65.840     65.840     65.840           0
Mon 02-14-2011     66.192     66.192     66.192     66.192           0
Fri 02-11-2011     65.543     65.543     65.543     65.543           0
Thu 02-10-2011     64.560     64.560     64.560     64.560           0
Wed 02-09-2011     64.479     64.479     64.479     64.479           0
Tue 02-08-2011     65.034     65.034     65.034     65.034           0
Mon 02-07-2011     64.703     64.703     64.703     64.703           0
Fri 02-04-2011     63.882     63.882     63.882     63.882           0
Thu 02-03-2011     63.466     63.466     63.466     63.466           0
Wed 02-02-2011     62.965     62.965     62.965     62.965           0
Tue 02-01-2011     63.103     63.103     63.103     63.103           0
Mon 01-31-2011     61.264     61.264     61.264     61.264           0
Fri 01-28-2011     60.744     60.744     60.744     60.744           0
Thu 01-27-2011     63.256     63.256     63.256     63.256           0
Wed 01-26-2011     62.641     62.641     62.641     62.641           0
Tue 01-25-2011     62.057     62.057     62.057     62.057           0
Mon 01-24-2011     62.078     62.078     62.078     62.078           0
Fri 01-21-2011     60.935     60.935     60.935     60.935           0
Thu 01-20-2011     61.959     61.959     61.959     61.959           0
Wed 01-19-2011     63.380     63.380     63.380     63.380           0
Tue 01-18-2011     65.258     65.258     65.258     65.258           0
Fri 01-14-2011     65.571     65.571     65.571     65.571           0
Thu 01-13-2011     64.389     64.389     64.389     64.389           0
Wed 01-12-2011     64.621     64.621     64.621     64.621           0
Tue 01-11-2011     63.313     63.313     63.313     63.313           0
Mon 01-10-2011     62.506     62.506     62.506     62.506           0
Fri 01-07-2011     62.357     62.357     62.357     62.357           0
Thu 01-06-2011     62.853     62.853     62.853     62.853           0
Wed 01-05-2011     62.980     62.980     62.980     62.980           0
Tue 01-04-2011     62.031     62.031     62.031     62.031           0
Mon 01-03-2011     62.480     62.480     62.480     62.480           0
Fri 12-31-2010     60.010     60.010     60.010     60.010           0
Thu 12-30-2010     60.791     60.791     60.791     60.791           0
Wed 12-29-2010     61.157     61.157     61.157     61.157           0
Tue 12-28-2010     60.663     60.663     60.663     60.663           0
Mon 12-27-2010     60.820     60.820     60.820     60.820           0
Thu 12-23-2010     61.203     61.203     61.203     61.203           0
Wed 12-22-2010     61.372     61.372     61.372     61.372           0
Tue 12-21-2010     60.456     60.456     60.456     60.456           0
Mon 12-20-2010     59.242     59.242     59.242     59.242           0
Fri 12-17-2010     59.151     59.151     59.151     59.151           0
Thu 12-16-2010     58.824     58.824     58.824     58.824           0
Wed 12-15-2010     57.923     57.923     57.923     57.923           0
Tue 12-14-2010     58.431     58.431     58.431     58.431           0
Mon 12-13-2010     58.360     58.360     58.360     58.360           0
Fri 12-10-2010     59.050     59.050     59.050     59.050           0
Thu 12-09-2010     58.254     58.254     58.254     58.254           0
Wed 12-08-2010     57.301     57.301     57.301     57.301           0
Tue 12-07-2010     56.848     56.848     56.848     56.848           0
Mon 12-06-2010     56.660     56.660     56.660     56.660           0
Fri 12-03-2010     56.630     56.630     56.630     56.630           0
Thu 12-02-2010     55.398     55.398     55.398     55.398           0
Wed 12-01-2010     54.791     54.791     54.791     54.791           0
Tue 11-30-2010     52.904     52.904     52.904     52.904           0
Mon 11-29-2010     54.298     54.298     54.298     54.298           0
Fri 11-26-2010     54.104     54.104     54.104     54.104           0
Wed 11-24-2010     54.430     54.430     54.430     54.430           0
Tue 11-23-2010     52.027     52.027     52.027     52.027           0
Mon 11-22-2010     53.870     53.870     53.870     53.870           0
Fri 11-19-2010     53.725     53.725     53.725     53.725           0
Thu 11-18-2010     53.810     53.810     53.810     53.810           0
Wed 11-17-2010     51.869     51.869     51.869     51.869           0
Tue 11-16-2010     51.078     51.078     51.078     51.078           0
Mon 11-15-2010     53.846     53.846     53.846     53.846           0
Fri 11-12-2010     54.005     54.005     54.005     54.005           0
Thu 11-11-2010     56.923     56.923     56.923     56.923           0
Wed 11-10-2010     57.813     57.813     57.813     57.813           0
Tue 11-09-2010     56.230     56.230     56.230     56.230           0
Mon 11-08-2010     57.878     57.878     57.878     57.878           0
Fri 11-05-2010     57.940     57.940     57.940     57.940           0
Thu 11-04-2010     57.645     57.645     57.645     57.645           0
Wed 11-03-2010     54.506     54.506     54.506     54.506           0
Tue 11-02-2010     54.005     54.005     54.005     54.005           0
Mon 11-01-2010     51.722     51.722     51.722     51.722           0
Fri 10-29-2010     53.519     53.519     53.519     53.519           0
Thu 10-28-2010     53.089     53.089     53.089     53.089           0
Wed 10-27-2010     53.745     53.745     53.745     53.745           0
Tue 10-26-2010     53.863     53.863     53.863     53.863           0
Mon 10-25-2010     53.998     53.998     53.998     53.998           0
Fri 10-22-2010     52.931     52.931     52.931     52.931           0
Thu 10-21-2010     51.815     51.815     51.815     51.815           0
Wed 10-20-2010     52.733     52.733     52.733     52.733           0
Tue 10-19-2010     50.750     50.750     50.750     50.750           0
Mon 10-18-2010     54.657     54.657     54.657     54.657           0
Fri 10-15-2010     52.866     52.866     52.866     52.866           0
Thu 10-14-2010     53.400     53.400     53.400     53.400           0
Wed 10-13-2010     53.534     53.534     53.534     53.534           0
Tue 10-12-2010     51.437     51.437     51.437     51.437           0
Mon 10-11-2010     50.169     50.169     50.169     50.169           0
Fri 10-08-2010     50.112     50.112     50.112     50.112           0
Thu 10-07-2010     48.507     48.507     48.507     48.507           0
Wed 10-06-2010     48.529     48.529     48.529     48.529           0
Tue 10-05-2010     49.239     49.239     49.239     49.239           0
Mon 10-04-2010     44.274     44.274     44.274     44.274           0
Fri 10-01-2010     46.822     46.822     46.822     46.822           0
Thu 09-30-2010     46.075     46.075     46.075     46.075           0
Wed 09-29-2010     46.000     46.000     46.000     46.000           0
Tue 09-28-2010     45.626     45.626     45.626     45.626           0
Mon 09-27-2010     43.778     43.778     43.778     43.778           0
Fri 09-24-2010     44.773     44.773     44.773     44.773           0
Thu 09-23-2010     40.513     40.513     40.513     40.513           0
Wed 09-22-2010     41.354     41.354     41.354     41.354           0
Tue 09-21-2010     43.664     43.664     43.664     43.664           0
Mon 09-20-2010     44.940     44.940     44.940     44.940           0
Fri 09-17-2010     40.694     40.694     40.694     40.694           0
Thu 09-16-2010     40.362     40.362     40.362     40.362           0
Wed 09-15-2010     41.361     41.361     41.361     41.361           0
Tue 09-14-2010     40.547     40.547     40.547     40.547           0
Mon 09-13-2010     41.047     41.047     41.047     41.047           0
Fri 09-10-2010     36.987     36.987     36.987     36.987           0
Thu 09-09-2010     36.550     36.550     36.550     36.550           0
Wed 09-08-2010     36.547     36.547     36.547     36.547           0
Tue 09-07-2010     34.513     34.513     34.513     34.513           0
Fri 09-03-2010     37.646     37.646     37.646     37.646           0
Thu 09-02-2010     35.689     35.689     35.689     35.689           0
Wed 09-01-2010     32.657     32.657     32.657     32.657           0
Tue 08-31-2010     27.848     27.848     27.848     27.848           0
Mon 08-30-2010     28.177     28.177     28.177     28.177           0
Fri 08-27-2010     31.239     31.239     31.239     31.239           0
Thu 08-26-2010     28.205     28.205     28.205     28.205           0
Wed 08-25-2010     29.209     29.209     29.209     29.209           0
Tue 08-24-2010     27.703     27.703     27.703     27.703           0
Mon 08-23-2010     29.667     29.667     29.667     29.667           0
Fri 08-20-2010     32.177     32.177     32.177     32.177           0
Thu 08-19-2010     32.179     32.179     32.179     32.179           0
Wed 08-18-2010     36.298     36.298     36.298     36.298           0
Tue 08-17-2010     36.094     36.094     36.094     36.094           0
Mon 08-16-2010     32.681     32.681     32.681     32.681           0
Fri 08-13-2010     31.944     31.944     31.944     31.944           0
Thu 08-12-2010     33.615     33.615     33.615     33.615           0
Wed 08-11-2010     34.276     34.276     34.276     34.276           0
Tue 08-10-2010     42.046     42.046     42.046     42.046           0
Mon 08-09-2010     45.511     45.511     45.511     45.511           0
Fri 08-06-2010     43.995     43.995     43.995     43.995           0
Thu 08-05-2010     44.762     44.762     44.762     44.762           0
Wed 08-04-2010     45.734     45.734     45.734     45.734           0
Tue 08-03-2010     43.980     43.980     43.980     43.980           0
Mon 08-02-2010     44.789     44.789     44.789     44.789           0
Fri 07-30-2010     42.135     42.135     42.135     42.135           0
Thu 07-29-2010     42.378     42.378     42.378     42.378           0
Wed 07-28-2010     43.124     43.124     43.124     43.124           0
Tue 07-27-2010     45.892     45.892     45.892     45.892           0
Mon 07-26-2010     46.505     46.505     46.505     46.505           0
Fri 07-23-2010     43.690     43.690     43.690     43.690           0
Thu 07-22-2010     38.980     38.980     38.980     38.980           0
Wed 07-21-2010     34.272     34.272     34.272     34.272           0
Tue 07-20-2010     37.049     37.049     37.049     37.049           0
Mon 07-19-2010     34.884     34.884     34.884     34.884           0
Fri 07-16-2010     34.535     34.535     34.535     34.535           0
Thu 07-15-2010     40.737     40.737     40.737     40.737           0
Wed 07-14-2010     41.780     41.780     41.780     41.780           0
Tue 07-13-2010     42.314     42.314     42.314     42.314           0
Mon 07-12-2010     36.714     36.714     36.714     36.714           0
Fri 07-09-2010     38.073     38.073     38.073     38.073           0
Thu 07-08-2010     35.392     35.392     35.392     35.392           0
Wed 07-07-2010     34.528     34.528     34.528     34.528           0
Tue 07-06-2010     30.306     30.306     30.306     30.306           0
Fri 07-02-2010     31.683     31.683     31.683     31.683           0
Thu 07-01-2010     33.436     33.436     33.436     33.436           0
Wed 06-30-2010     34.261     34.261     34.261     34.261           0
Tue 06-29-2010     36.373     36.373     36.373     36.373           0
Mon 06-28-2010     42.554     42.554     42.554     42.554           0
Fri 06-25-2010     44.002     44.002     44.002     44.002           0
Thu 06-24-2010     40.219     40.219     40.219     40.219           0
Wed 06-23-2010     43.310     43.310     43.310     43.310           0
Tue 06-22-2010     43.003     43.003     43.003     43.003           0
Mon 06-21-2010     46.471     46.471     46.471     46.471           0
Fri 06-18-2010     48.223     48.223     48.223     48.223           0
Thu 06-17-2010     47.571     47.571     47.571     47.571           0
Wed 06-16-2010     47.624     47.624     47.624     47.624           0
Tue 06-15-2010     48.595     48.595     48.595     48.595           0
Mon 06-14-2010     44.549     44.549     44.549     44.549           0
Fri 06-11-2010     44.019     44.019     44.019     44.019           0
Thu 06-10-2010     41.701     41.701     41.701     41.701           0
Wed 06-09-2010     36.532     36.532     36.532     36.532           0
Tue 06-08-2010     36.861     36.861     36.861     36.861           0
Mon 06-07-2010     37.672     37.672     37.672     37.672           0
Fri 06-04-2010     42.879     42.879     42.879     42.879           0
Thu 06-03-2010     49.900     49.900     49.900     49.900           0
Wed 06-02-2010     48.480     48.480     48.480     48.480           0
Tue 06-01-2010     44.708     44.708     44.708     44.708           0
Fri 05-28-2010     49.533     49.533     49.533     49.533           0
Thu 05-27-2010     50.588     50.588     50.588     50.588           0
Wed 05-26-2010     44.303     44.303     44.303     44.303           0
Tue 05-25-2010     44.184     44.184     44.184     44.184           0
Mon 05-24-2010     45.428     45.428     45.428     45.428           0
Fri 05-21-2010     46.569     46.569     46.569     46.569           0
Thu 05-20-2010     44.233     44.233     44.233     44.233           0
Wed 05-19-2010     52.114     52.114     52.114     52.114           0
Tue 05-18-2010     54.797     54.797     54.797     54.797           0
Mon 05-17-2010     57.284     57.284     57.284     57.284           0
Fri 05-14-2010     57.016     57.016     57.016     57.016           0
Thu 05-13-2010     60.364     60.364     60.364     60.364           0
Wed 05-12-2010     61.659     61.659     61.659     61.659           0
Tue 05-11-2010     58.133     58.133     58.133     58.133           0
Mon 05-10-2010     58.050     58.050     58.050     58.050           0
Fri 05-07-2010     50.642     50.642     50.642     50.642           0
Thu 05-06-2010     53.995     53.995     53.995     53.995           0
Wed 05-05-2010     60.508     60.508     60.508     60.508           0
Tue 05-04-2010     61.983     61.983     61.983     61.983           0
Mon 05-03-2010     65.650     65.650     65.650     65.650           0
Fri 04-30-2010     64.709     64.709     64.709     64.709           0
Thu 04-29-2010     67.800     67.800     67.800     67.800           0
Wed 04-28-2010     65.969     65.969     65.969     65.969           0
Tue 04-27-2010     66.070     66.070     66.070     66.070           0
Mon 04-26-2010     68.616     68.616     68.616     68.616           0
Fri 04-23-2010     68.288     68.288     68.288     68.288           0
Thu 04-22-2010     67.854     67.854     67.854     67.854           0
Wed 04-21-2010     67.362     67.362     67.362     67.362           0
Tue 04-20-2010     67.699     67.699     67.699     67.699           0
Mon 04-19-2010     66.227     66.227     66.227     66.227           0
Fri 04-16-2010     66.988     66.988     66.988     66.988           0
Thu 04-15-2010     67.872     67.872     67.872     67.872           0
Wed 04-14-2010     67.057     67.057     67.057     67.057           0
Tue 04-13-2010     66.071     66.071     66.071     66.071           0
Mon 04-12-2010     66.359     66.359     66.359     66.359           0
Fri 04-09-2010     66.068     66.068     66.068     66.068           0
Thu 04-08-2010     66.221     66.221     66.221     66.221           0
Wed 04-07-2010     65.810     65.810     65.810     65.810           0
Tue 04-06-2010     65.864     65.864     65.864     65.864           0
Mon 04-05-2010     65.140     65.140     65.140     65.140           0
Thu 04-01-2010     63.469     63.469     63.469     63.469           0
Wed 03-31-2010     62.717     62.717     62.717     62.717           0
Tue 03-30-2010     63.664     63.664     63.664     63.664           0
Mon 03-29-2010     63.650     63.650     63.650     63.650           0
Fri 03-26-2010     63.129     63.129     63.129     63.129           0
Thu 03-25-2010     63.096     63.096     63.096     63.096           0
Wed 03-24-2010     63.947     63.947     63.947     63.947           0
Tue 03-23-2010     65.255     65.255     65.255     65.255           0
Mon 03-22-2010     64.008     64.008     64.008     64.008           0
Fri 03-19-2010     63.613     63.613     63.613     63.613           0
Thu 03-18-2010     65.005     65.005     65.005     65.005           0
Wed 03-17-2010     65.654     65.654     65.654     65.654           0
Tue 03-16-2010     65.825     65.825     65.825     65.825           0
Mon 03-15-2010     65.127     65.127     65.127     65.127           0
Fri 03-12-2010     66.078     66.078     66.078     66.078           0
Thu 03-11-2010     66.044     66.044     66.044     66.044           0
Wed 03-10-2010     65.849     65.849     65.849     65.849           0
Tue 03-09-2010     65.215     65.215     65.215     65.215           0
Mon 03-08-2010     64.308     64.308     64.308     64.308           0
Fri 03-05-2010     63.953     63.953     63.953     63.953           0
Thu 03-04-2010     61.409     61.409     61.409     61.409           0
Wed 03-03-2010     61.158     61.158     61.158     61.158           0
Tue 03-02-2010     61.243     61.243     61.243     61.243           0
Mon 03-01-2010     59.504     59.504     59.504     59.504           0
Fri 02-26-2010     57.978     57.978     57.978     57.978           0
Thu 02-25-2010     58.025     58.025     58.025     58.025           0
Wed 02-24-2010     58.677     58.677     58.677     58.677           0
Tue 02-23-2010     58.070     58.070     58.070     58.070           0
Mon 02-22-2010     58.839     58.839     58.839     58.839           0
Fri 02-19-2010     59.263     59.263     59.263     59.263           0
Thu 02-18-2010     59.832     59.832     59.832     59.832           0
Wed 02-17-2010     59.277     59.277     59.277     59.277           0
Tue 02-16-2010     58.565     58.565     58.565     58.565           0
Fri 02-12-2010     56.705     56.705     56.705     56.705           0
Thu 02-11-2010     56.153     56.153     56.153     56.153           0
Wed 02-10-2010     54.085     54.085     54.085     54.085           0
Tue 02-09-2010     54.124     54.124     54.124     54.124           0
Mon 02-08-2010     52.089     52.089     52.089     52.089           0
Fri 02-05-2010     53.453     53.453     53.453     53.453           0
Thu 02-04-2010     52.573     52.573     52.573     52.573           0
Wed 02-03-2010     58.228     58.228     58.228     58.228           0
Tue 02-02-2010     59.586     59.586     59.586     59.586           0
Mon 02-01-2010     58.800     58.800     58.800     58.800           0
Fri 01-29-2010     56.899     56.899     56.899     56.899           0
Thu 01-28-2010     59.637     59.637     59.637     59.637           0
Wed 01-27-2010     61.220     61.220     61.220     61.220           0
Tue 01-26-2010     60.574     60.574     60.574     60.574           0
Mon 01-25-2010     62.062     62.062     62.062     62.062           0
Fri 01-22-2010     62.856     62.856     62.856     62.856           0
Thu 01-21-2010     65.058     65.058     65.058     65.058           0
Wed 01-20-2010     67.381     67.381     67.381     67.381           0
Tue 01-19-2010     68.580     68.580     68.580     68.580           0
Fri 01-15-2010     66.852     66.852     66.852     66.852           0
Thu 01-14-2010     68.110     68.110     68.110     68.110           0
Wed 01-13-2010     67.990     67.990     67.990     67.990           0
Tue 01-12-2010     66.870     66.870     66.870     66.870           0
Mon 01-11-2010     68.520     68.520     68.520     68.520           0
Fri 01-08-2010     67.826     67.826     67.826     67.826           0
Thu 01-07-2010     67.345     67.345     67.345     67.345           0
Wed 01-06-2010     65.785     65.785     65.785     65.785           0
Tue 01-05-2010     65.473     65.473     65.473     65.473           0
Mon 01-04-2010     66.684     66.684     66.684     66.684           0
Thu 12-31-2009     63.852     63.852     63.852     63.852           0
Wed 12-30-2009     64.776     64.776     64.776     64.776           0
Tue 12-29-2009     65.031     65.031     65.031     65.031           0
Mon 12-28-2009     64.776     64.776     64.776     64.776           0
Thu 12-24-2009     65.453     65.453     65.453     65.453           0
Wed 12-23-2009     64.703     64.703     64.703     64.703           0
Tue 12-22-2009     63.847     63.847     63.847     63.847           0
Mon 12-21-2009     64.253     64.253     64.253     64.253           0
Fri 12-18-2009     63.352     63.352     63.352     63.352           0
Thu 12-17-2009     62.605     62.605     62.605     62.605           0
Wed 12-16-2009     64.693     64.693     64.693     64.693           0
Tue 12-15-2009     64.168     64.168     64.168     64.168           0
Mon 12-14-2009     65.568     65.568     65.568     65.568           0
Fri 12-11-2009     65.118     65.118     65.118     65.118           0
Thu 12-10-2009     64.130     64.130     64.130     64.130           0
Wed 12-09-2009     65.085     65.085     65.085     65.085           0
Tue 12-08-2009     65.301     65.301     65.301     65.301           0
Mon 12-07-2009     66.473     66.473     66.473     66.473           0
Fri 12-04-2009     66.719     66.719     66.719     66.719           0
Thu 12-03-2009     64.421     64.421     64.421     64.421           0
Wed 12-02-2009     65.809     65.809     65.809     65.809           0
Tue 12-01-2009     65.094     65.094     65.094     65.094           0
Mon 11-30-2009     63.746     63.746     63.746     63.746           0
Fri 11-27-2009     63.608     63.608     63.608     63.608           0
Wed 11-25-2009     66.151     66.151     66.151     66.151           0
Tue 11-24-2009     65.861     65.861     65.861     65.861           0
Mon 11-23-2009     66.445     66.445     66.445     66.445           0
Fri 11-20-2009     65.903     65.903     65.903     65.903           0
Thu 11-19-2009     66.206     66.206     66.206     66.206           0
Wed 11-18-2009     67.924     67.924     67.924     67.924           0
Tue 11-17-2009     68.496     68.496     68.496     68.496           0
Mon 11-16-2009     69.125     69.125     69.125     69.125           0
Fri 11-13-2009     66.989     66.989     66.989     66.989           0
Thu 11-12-2009     66.275     66.275     66.275     66.275           0
Wed 11-11-2009     68.622     68.622     68.622     68.622           0
Tue 11-10-2009     67.681     67.681     67.681     67.681           0
Mon 11-09-2009     69.669     69.669     69.669     69.669           0
Fri 11-06-2009     68.437     68.437     68.437     68.437           0
Thu 11-05-2009     68.212     68.212     68.212     68.212           0
Wed 11-04-2009     65.465     65.465     65.465     65.465           0
Tue 11-03-2009     66.734     66.734     66.734     66.734           0
Mon 11-02-2009     65.087     65.087     65.087     65.087           0
Fri 10-30-2009     66.310     66.310     66.310     66.310           0
Thu 10-29-2009     69.887     69.887     69.887     69.887           0
Wed 10-28-2009     68.381     68.381     68.381     68.381           0
Tue 10-27-2009     71.766     71.766     71.766     71.766           0
Mon 10-26-2009     73.433     73.433     73.433     73.433           0
Fri 10-23-2009     74.794     74.794     74.794     74.794           0
Thu 10-22-2009     76.407     76.407     76.407     76.407           0
Wed 10-21-2009     75.996     75.996     75.996     75.996           0
Tue 10-20-2009     77.109     77.109     77.109     77.109           0
Mon 10-19-2009     78.096     78.096     78.096     78.096           0
Fri 10-16-2009     78.035     78.035     78.035     78.035           0
Thu 10-15-2009     78.958     78.958     78.958     78.958           0
Wed 10-14-2009     79.027     79.027     79.027     79.027           0
Tue 10-13-2009     78.318     78.318     78.318     78.318           0
Mon 10-12-2009     78.298     78.298     78.298     78.298           0
Fri 10-09-2009     77.851     77.851     77.851     77.851           0
Thu 10-08-2009     77.559     77.559     77.559     77.559           0
Wed 10-07-2009     76.783     76.783     76.783     76.783           0
Tue 10-06-2009     76.993     76.993     76.993     76.993           0
Mon 10-05-2009     76.046     76.046     76.046     76.046           0
Fri 10-02-2009     75.291     75.291     75.291     75.291           0
Thu 10-01-2009     76.190     76.190     76.190     76.190           0
Wed 09-30-2009     78.389     78.389     78.389     78.389           0
Tue 09-29-2009     79.593     79.593     79.593     79.593           0
Mon 09-28-2009     79.898     79.898     79.898     79.898           0
Fri 09-25-2009     79.179     79.179     79.179     79.179           0
Thu 09-24-2009     79.064     79.064     79.064     79.064           0
Wed 09-23-2009     79.886     79.886     79.886     79.886           0
Tue 09-22-2009     80.714     80.714     80.714     80.714           0
Mon 09-21-2009     80.405     80.405     80.405     80.405           0
Fri 09-18-2009     80.267     80.267     80.267     80.267           0
Thu 09-17-2009     80.273     80.273     80.273     80.273           0
Wed 09-16-2009     80.497     80.497     80.497     80.497           0
Tue 09-15-2009     79.329     79.329     79.329     79.329           0
Mon 09-14-2009     78.307     78.307     78.307     78.307           0
Fri 09-11-2009     77.831     77.831     77.831     77.831           0
Thu 09-10-2009     77.593     77.593     77.593     77.593           0
Wed 09-09-2009     77.131     77.131     77.131     77.131           0
Tue 09-08-2009     75.499     75.499     75.499     75.499           0
Fri 09-04-2009     74.960     74.960     74.960     74.960           0
Thu 09-03-2009     73.276     73.276     73.276     73.276           0
Wed 09-02-2009     72.761     72.761     72.761     72.761           0
Tue 09-01-2009     72.946     72.946     72.946     72.946           0
Mon 08-31-2009     74.519     74.519     74.519     74.519           0
Fri 08-28-2009     75.836     75.836     75.836     75.836           0
Thu 08-27-2009     76.374     76.374     76.374     76.374           0
Wed 08-26-2009     76.520     76.520     76.520     76.520           0
Tue 08-25-2009     76.145     76.145     76.145     76.145           0
Mon 08-24-2009     76.266     76.266     76.266     76.266           0
Fri 08-21-2009     76.424     76.424     76.424     76.424           0
Thu 08-20-2009     75.318     75.318     75.318     75.318           0
Wed 08-19-2009     74.658     74.658     74.658     74.658           0
Tue 08-18-2009     73.643     73.643     73.643     73.643           0
Mon 08-17-2009     72.225     72.225     72.225     72.225           0
Fri 08-14-2009     74.632     74.632     74.632     74.632           0
Thu 08-13-2009     75.848     75.848     75.848     75.848           0
Wed 08-12-2009     76.026     76.026     76.026     76.026           0
Tue 08-11-2009     75.053     75.053     75.053     75.053           0
Mon 08-10-2009     75.788     75.788     75.788     75.788           0
Fri 08-07-2009     76.196     76.196     76.196     76.196           0
Thu 08-06-2009     74.838     74.838     74.838     74.838           0
Wed 08-05-2009     75.624     75.624     75.624     75.624           0
Tue 08-04-2009     76.227     76.227     76.227     76.227           0
Mon 08-03-2009     75.478     75.478     75.478     75.478           0
Fri 07-31-2009     74.117     74.117     74.117     74.117           0
Thu 07-30-2009     73.947     73.947     73.947     73.947           0
Wed 07-29-2009     73.385     73.385     73.385     73.385           0
Tue 07-28-2009     73.171     73.171     73.171     73.171           0
Mon 07-27-2009     72.857     72.857     72.857     72.857           0
Fri 07-24-2009     72.211     72.211     72.211     72.211           0
Thu 07-23-2009     71.465     71.465     71.465     71.465           0
Wed 07-22-2009     68.201     68.201     68.201     68.201           0
Tue 07-21-2009     67.029     67.029     67.029     67.029           0
Mon 07-20-2009     67.185     67.185     67.185     67.185           0
Fri 07-17-2009     66.391     66.391     66.391     66.391           0
Thu 07-16-2009     66.838     66.838     66.838     66.838           0
Wed 07-15-2009     65.638     65.638     65.638     65.638           0
Tue 07-14-2009     60.729     60.729     60.729     60.729           0
Mon 07-13-2009     60.278     60.278     60.278     60.278           0
Fri 07-10-2009     57.305     57.305     57.305     57.305           0
Thu 07-09-2009     56.677     56.677     56.677     56.677           0
Wed 07-08-2009     56.329     56.329     56.329     56.329           0
Tue 07-07-2009     56.701     56.701     56.701     56.701           0
Mon 07-06-2009     58.999     58.999     58.999     58.999           0
Thu 07-02-2009     59.950     59.950     59.950     59.950           0
Wed 07-01-2009     63.600     63.600     63.600     63.600           0
Tue 06-30-2009     61.488     61.488     61.488     61.488           0
Mon 06-29-2009     61.796     61.796     61.796     61.796           0
Fri 06-26-2009     61.720     61.720     61.720     61.720           0
Thu 06-25-2009     60.243     60.243     60.243     60.243           0
Wed 06-24-2009     57.105     57.105     57.105     57.105           0
Tue 06-23-2009     56.207     56.207     56.207     56.207           0
Mon 06-22-2009     56.089     56.089     56.089     56.089           0
Fri 06-19-2009     60.904     60.904     60.904     60.904           0
Thu 06-18-2009     59.775     59.775     59.775     59.775           0
Wed 06-17-2009     58.373     58.373     58.373     58.373           0
Tue 06-16-2009     57.912     57.912     57.912     57.912           0
Mon 06-15-2009     59.989     59.989     59.989     59.989           0
Fri 06-12-2009     62.725     62.725     62.725     62.725           0
Thu 06-11-2009     61.973     61.973     61.973     61.973           0
Wed 06-10-2009     60.084     60.084     60.084     60.084           0
Tue 06-09-2009     60.464     60.464     60.464     60.464           0
Mon 06-08-2009     59.335     59.335     59.335     59.335           0
Fri 06-05-2009     59.428     59.428     59.428     59.428           0
Thu 06-04-2009     59.139     59.139     59.139     59.139           0
Wed 06-03-2009     55.667     55.667     55.667     55.667           0
Tue 06-02-2009     55.573     55.573     55.573     55.573           0
Mon 06-01-2009     53.879     53.879     53.879     53.879           0
Fri 05-29-2009     49.761     49.761     49.761     49.761           0
Thu 05-28-2009     47.197     47.197     47.197     47.197           0
Wed 05-27-2009     45.000     45.000     45.000     45.000           0
Tue 05-26-2009     46.620     46.620     46.620     46.620           0
Fri 05-22-2009     41.306     41.306     41.306     41.306           0
Thu 05-21-2009     41.363     41.363     41.363     41.363           0
Wed 05-20-2009     43.017     43.017     43.017     43.017           0
Tue 05-19-2009     43.853     43.853     43.853     43.853           0
Mon 05-18-2009     43.033     43.033     43.033     43.033           0
Fri 05-15-2009     37.031     37.031     37.031     37.031           0
Thu 05-14-2009     37.446     37.446     37.446     37.446           0
Wed 05-13-2009     34.247     34.247     34.247     34.247           0
Tue 05-12-2009     40.613     40.613     40.613     40.613           0
Mon 05-11-2009     43.530     43.530     43.530     43.530           0
Fri 05-08-2009     44.584     44.584     44.584     44.584           0
Thu 05-07-2009     39.301     39.301     39.301     39.301           0
Wed 05-06-2009     42.559     42.559     42.559     42.559           0
Tue 05-05-2009     40.642     40.642     40.642     40.642           0
Mon 05-04-2009     41.000     41.000     41.000     41.000           0
Fri 05-01-2009     36.333     36.333     36.333     36.333           0
Thu 04-30-2009     35.554     35.554     35.554     35.554           0
Wed 04-29-2009     35.430     35.430     35.430     35.430           0
Tue 04-28-2009     31.366     31.366     31.366     31.366           0
Mon 04-27-2009     30.627     30.627     30.627     30.627           0
Fri 04-24-2009     30.947     30.947     30.947     30.947           0
Thu 04-23-2009     28.628     28.628     28.628     28.628           0
Wed 04-22-2009     29.882     29.882     29.882     29.882           0
Tue 04-21-2009     28.676     28.676     28.676     28.676           0
Mon 04-20-2009     24.679     24.679     24.679     24.679           0
Fri 04-17-2009     29.402     29.402     29.402     29.402           0
Thu 04-16-2009     27.650     27.650     27.650     27.650           0
Wed 04-15-2009     24.944     24.944     24.944     24.944           0
Tue 04-14-2009     22.745     22.745     22.745     22.745           0
Mon 04-13-2009     25.267     25.267     25.267     25.267           0
Thu 04-09-2009     25.606     25.606     25.606     25.606           0
Wed 04-08-2009     20.249     20.249     20.249     20.249           0
Tue 04-07-2009     18.023     18.023     18.023     18.023           0
Mon 04-06-2009     20.192     20.192     20.192     20.192           0
Fri 04-03-2009     22.316     22.316     22.316     22.316           0
Thu 04-02-2009     20.705     20.705     20.705     20.705           0
Wed 04-01-2009     17.753     17.753     17.753     17.753           0
Tue 03-31-2009     15.810     15.810     15.810     15.810           0
Mon 03-30-2009     14.989     14.989     14.989     14.989           0
Fri 03-27-2009     16.667     16.667     16.667     16.667           0
Thu 03-26-2009     18.627     18.627     18.627     18.627           0
Wed 03-25-2009     14.909     14.909     14.909     14.909           0
Tue 03-24-2009     13.125     13.125     13.125     13.125           0
Mon 03-23-2009     15.345     15.345     15.345     15.345           0
Fri 03-20-2009     11.067     11.067     11.067     11.067           0
Thu 03-19-2009     12.691     12.691     12.691     12.691           0
Wed 03-18-2009     13.383     13.383     13.383     13.383           0
Tue 03-17-2009     11.640     11.640     11.640     11.640           0
Mon 03-16-2009     10.057     10.057     10.057     10.057           0
Fri 03-13-2009     10.780     10.780     10.780     10.780           0
Thu 03-12-2009     10.743     10.743     10.743     10.743           0
Wed 03-11-2009     8.6832     8.6832     8.6832     8.6832           0
Tue 03-10-2009     8.2239     8.2239     8.2239     8.2239           0
Mon 03-09-2009     7.1715     7.1715     7.1715     7.1715           0
Fri 03-06-2009     7.3129     7.3129     7.3129     7.3129           0
Thu 03-05-2009     7.2976     7.2976     7.2976     7.2976           0
Wed 03-04-2009     8.1528     8.1528     8.1528     8.1528           0
Tue 03-03-2009     7.4432     7.4432     7.4432     7.4432           0
Mon 03-02-2009     7.5525     7.5525     7.5525     7.5525           0
Fri 02-27-2009     8.6560     8.6560     8.6560     8.6560           0
Thu 02-26-2009     8.8353     8.8353     8.8353     8.8353           0
Wed 02-25-2009     9.2943     9.2943     9.2943     9.2943           0
Tue 02-24-2009     10.183     10.183     10.183     10.183           0
Mon 02-23-2009     9.3064     9.3064     9.3064     9.3064           0
Fri 02-20-2009     10.523     10.523     10.523     10.523           0
Thu 02-19-2009     11.131     11.131     11.131     11.131           0
Wed 02-18-2009     11.410     11.410     11.410     11.410           0
Tue 02-17-2009     11.906     11.906     11.906     11.906           0
Fri 02-13-2009     13.404     13.404     13.404     13.404           0
Thu 02-12-2009     13.801     13.801     13.801     13.801           0
Wed 02-11-2009     12.879     12.879     12.879     12.879           0
Tue 02-10-2009     11.635     11.635     11.635     11.635           0
Mon 02-09-2009     14.344     14.344     14.344     14.344           0
Fri 02-06-2009     14.759     14.759     14.759     14.759           0
Thu 02-05-2009     13.517     13.517     13.517     13.517           0
Wed 02-04-2009     12.688     12.688     12.688     12.688           0
Tue 02-03-2009     12.724     12.724     12.724     12.724           0
Mon 02-02-2009     11.921     11.921     11.921     11.921           0
Fri 01-30-2009     11.536     11.536     11.536     11.536           0
Thu 01-29-2009     11.624     11.624     11.624     11.624           0
Wed 01-28-2009     12.620     12.620     12.620     12.620           0
Tue 01-27-2009     10.876     10.876     10.876     10.876           0
Mon 01-26-2009     9.9721     9.9721     9.9721     9.9721           0
Fri 01-23-2009     9.2083     9.2083     9.2083     9.2083           0
Thu 01-22-2009     8.8728     8.8728     8.8728     8.8728           0
Wed 01-21-2009     9.2675     9.2675     9.2675     9.2675           0
Tue 01-20-2009     8.1554     8.1554     8.1554     8.1554           0
Fri 01-16-2009     9.7614     9.7614     9.7614     9.7614           0
Thu 01-15-2009     9.1640     9.1640     9.1640     9.1640           0
Wed 01-14-2009     8.5366     8.5366     8.5366     8.5366           0
Tue 01-13-2009     9.8153     9.8153     9.8153     9.8153           0
Mon 01-12-2009     9.2729     9.2729     9.2729     9.2729           0
Fri 01-09-2009     9.7420     9.7420     9.7420     9.7420           0
Thu 01-08-2009     11.583     11.583     11.583     11.583           0
Wed 01-07-2009     10.885     10.885     10.885     10.885           0
Tue 01-06-2009     12.572     12.572     12.572     12.572           0
Mon 01-05-2009     12.240     12.240     12.240     12.240           0
Fri 01-02-2009     12.727     12.727     12.727     12.727           0
Wed 12-31-2008     12.062     12.062     12.062     12.062           0
Tue 12-30-2008     10.424     10.424     10.424     10.424           0
Mon 12-29-2008     9.2534     9.2534     9.2534     9.2534           0
Fri 12-26-2008     10.091     10.091     10.091     10.091           0
Wed 12-24-2008     8.9696     8.9696     8.9696     8.9696           0
Tue 12-23-2008     8.9397     8.9397     8.9397     8.9397           0
Mon 12-22-2008     9.2411     9.2411     9.2411     9.2411           0
Fri 12-19-2008     10.216     10.216     10.216     10.216           0
Thu 12-18-2008     9.6115     9.6115     9.6115     9.6115           0
Wed 12-17-2008     10.195     10.195     10.195     10.195           0
Tue 12-16-2008     10.108     10.108     10.108     10.108           0
Mon 12-15-2008     7.8512     7.8512     7.8512     7.8512           0
Fri 12-12-2008     8.8523     8.8523     8.8523     8.8523           0
Thu 12-11-2008     7.1134     7.1134     7.1134     7.1134           0
Wed 12-10-2008     9.3203     9.3203     9.3203     9.3203           0
Tue 12-09-2008     8.4886     8.4886     8.4886     8.4886           0
Mon 12-08-2008     10.140     10.140     10.140     10.140           0
Fri 12-05-2008     8.6843     8.6843     8.6843     8.6843           0
Thu 12-04-2008     6.8265     6.8265     6.8265     6.8265           0
Wed 12-03-2008     7.9415     7.9415     7.9415     7.9415           0
Tue 12-02-2008     7.3057     7.3057     7.3057     7.3057           0
Mon 12-01-2008     5.6565     5.6565     5.6565     5.6565           0
Fri 11-28-2008     9.5607     9.5607     9.5607     9.5607           0
Wed 11-26-2008     8.8401     8.8401     8.8401     8.8401           0
Tue 11-25-2008     7.1100     7.1100     7.1100     7.1100           0
Mon 11-24-2008     6.8066     6.8066     6.8066     6.8066           0
Fri 11-21-2008     5.2335     5.2335     5.2335     5.2335           0
Thu 11-20-2008     4.0042     4.0042     4.0042     4.0042           0
Wed 11-19-2008     5.3264     5.3264     5.3264     5.3264           0
Tue 11-18-2008     7.3081     7.3081     7.3081     7.3081           0
Mon 11-17-2008     7.2219     7.2219     7.2219     7.2219           0
Fri 11-14-2008     7.7450     7.7450     7.7450     7.7450           0
Thu 11-13-2008     9.6588     9.6588     9.6588     9.6588           0
Wed 11-12-2008     6.6003     6.6003     6.6003     6.6003           0
Tue 11-11-2008     8.8819     8.8819     8.8819     8.8819           0
Mon 11-10-2008     9.6473     9.6473     9.6473     9.6473           0
Fri 11-07-2008     10.181     10.181     10.181     10.181           0
Thu 11-06-2008     9.0076     9.0076     9.0076     9.0076           0
Wed 11-05-2008     10.030     10.030     10.030     10.030           0
Tue 11-04-2008     12.632     12.632     12.632     12.632           0
Mon 11-03-2008     12.374     12.374     12.374     12.374           0
Fri 10-31-2008     11.688     11.688     11.688     11.688           0
Thu 10-30-2008     9.8741     9.8741     9.8741     9.8741           0
Wed 10-29-2008     7.5263     7.5263     7.5263     7.5263           0
Tue 10-28-2008     6.7873     6.7873     6.7873     6.7873           0
Mon 10-27-2008     4.5386     4.5386     4.5386     4.5386           0
Fri 10-24-2008     5.2817     5.2817     5.2817     5.2817           0
Thu 10-23-2008     6.5500     6.5500     6.5500     6.5500           0
Wed 10-22-2008     8.2335     8.2335     8.2335     8.2335           0
Tue 10-21-2008     10.045     10.045     10.045     10.045           0
Mon 10-20-2008     11.095     11.095     11.095     11.095           0
Fri 10-17-2008     9.7815     9.7815     9.7815     9.7815           0
Thu 10-16-2008     10.264     10.264     10.264     10.264           0
Wed 10-15-2008     7.0184     7.0184     7.0184     7.0184           0
Tue 10-14-2008     10.640     10.640     10.640     10.640           0
Mon 10-13-2008     10.929     10.929     10.929     10.929           0
Fri 10-10-2008     6.7053     6.7053     6.7053     6.7053           0
Thu 10-09-2008     5.2348     5.2348     5.2348     5.2348           0
Wed 10-08-2008     8.4887     8.4887     8.4887     8.4887           0
Tue 10-07-2008     9.7730     9.7730     9.7730     9.7730           0
Mon 10-06-2008     13.071     13.071     13.071     13.071           0
Fri 10-03-2008     16.402     16.402     16.402     16.402           0
Thu 10-02-2008     18.657     18.657     18.657     18.657           0
Wed 10-01-2008     23.845     23.845     23.845     23.845           0
Tue 09-30-2008     25.074     25.074     25.074     25.074           0
Mon 09-29-2008     22.399     22.399     22.399     22.399           0
Fri 09-26-2008     30.563     30.563     30.563     30.563           0
Thu 09-25-2008     30.389     30.389     30.389     30.389           0
Wed 09-24-2008     28.942     28.942     28.942     28.942           0
Tue 09-23-2008     30.635     30.635     30.635     30.635           0
Mon 09-22-2008     32.182     32.182     32.182     32.182           0
Fri 09-19-2008     37.770     37.770     37.770     37.770           0
Thu 09-18-2008     32.377     32.377     32.377     32.377           0
Wed 09-17-2008     25.156     25.156     25.156     25.156           0
Tue 09-16-2008     30.660     30.660     30.660     30.660           0
Mon 09-15-2008     28.305     28.305     28.305     28.305           0
Fri 09-12-2008     33.033     33.033     33.033     33.033           0
Thu 09-11-2008     32.520     32.520     32.520     32.520           0
Wed 09-10-2008     32.748     32.748     32.748     32.748           0
Tue 09-09-2008     31.983     31.983     31.983     31.983           0
Mon 09-08-2008     36.373     36.373     36.373     36.373           0
Fri 09-05-2008     34.076     34.076     34.076     34.076           0
Thu 09-04-2008     34.743     34.743     34.743     34.743           0
Wed 09-03-2008     38.640     38.640     38.640     38.640           0
Tue 09-02-2008     38.930     38.930     38.930     38.930           0
Fri 08-29-2008     39.185     39.185     39.185     39.185           0
Thu 08-28-2008     40.522     40.522     40.522     40.522           0
Wed 08-27-2008     36.818     36.818     36.818     36.818           0
Tue 08-26-2008     35.725     35.725     35.725     35.725           0
Mon 08-25-2008     35.243     35.243     35.243     35.243           0
Fri 08-22-2008     38.577     38.577     38.577     38.577           0
Thu 08-21-2008     36.312     36.312     36.312     36.312           0
Wed 08-20-2008     36.780     36.780     36.780     36.780           0
Tue 08-19-2008     36.127     36.127     36.127     36.127           0
Mon 08-18-2008     39.084     39.084     39.084     39.084           0
Fri 08-15-2008     40.582     40.582     40.582     40.582           0
Thu 08-14-2008     40.346     40.346     40.346     40.346           0
Wed 08-13-2008     38.325     38.325     38.325     38.325           0
Tue 08-12-2008     38.458     38.458     38.458     38.458           0
Mon 08-11-2008     38.892     38.892     38.892     38.892           0
Fri 08-08-2008     35.653     35.653     35.653     35.653           0
Thu 08-07-2008     32.022     32.022     32.022     32.022           0
Wed 08-06-2008     34.058     34.058     34.058     34.058           0
Tue 08-05-2008     33.063     33.063     33.063     33.063           0
Mon 08-04-2008     30.400     30.400     30.400     30.400           0
Fri 08-01-2008     31.542     31.542     31.542     31.542           0
Thu 07-31-2008     31.622     31.622     31.622     31.622           0
Wed 07-30-2008     31.174     31.174     31.174     31.174           0
Tue 07-29-2008     30.832     30.832     30.832     30.832           0
Mon 07-28-2008     28.456     28.456     28.456     28.456           0
Fri 07-25-2008     30.481     30.481     30.481     30.481           0
Thu 07-24-2008     29.243     29.243     29.243     29.243           0
Wed 07-23-2008     30.468     30.468     30.468     30.468           0
Tue 07-22-2008     30.371     30.371     30.371     30.371           0
Mon 07-21-2008     28.313     28.313     28.313     28.313           0
Fri 07-18-2008     27.804     27.804     27.804     27.804           0
Thu 07-17-2008     27.691     27.691     27.691     27.691           0
Wed 07-16-2008     25.951     25.951     25.951     25.951           0
Tue 07-15-2008     22.058     22.058     22.058     22.058           0
Mon 07-14-2008     22.116     22.116     22.116     22.116           0
Fri 07-11-2008     23.033     23.033     23.033     23.033           0
Thu 07-10-2008     22.688     22.688     22.688     22.688           0
Wed 07-09-2008     21.848     21.848     21.848     21.848           0
Tue 07-08-2008     24.280     24.280     24.280     24.280           0
Mon 07-07-2008     21.274     21.274     21.274     21.274           0
Thu 07-03-2008     21.741     21.741     21.741     21.741           0
Wed 07-02-2008     23.073     23.073     23.073     23.073           0
Tue 07-01-2008     25.257     25.257     25.257     25.257           0
Mon 06-30-2008     25.769     25.769     25.769     25.769           0
Fri 06-27-2008     26.936     26.936     26.936     26.936           0
Thu 06-26-2008     27.659     27.659     27.659     27.659           0
Wed 06-25-2008     30.505     30.505     30.505     30.505           0
Tue 06-24-2008     28.271     28.271     28.271     28.271           0
Mon 06-23-2008     30.191     30.191     30.191     30.191           0
Fri 06-20-2008     32.094     32.094     32.094     32.094           0
Thu 06-19-2008     34.335     34.335     34.335     34.335           0
Wed 06-18-2008     32.973     32.973     32.973     32.973           0
Tue 06-17-2008     34.738     34.738     34.738     34.738           0
Mon 06-16-2008     34.728     34.728     34.728     34.728           0
Fri 06-13-2008     33.719     33.719     33.719     33.719           0
Thu 06-12-2008     31.355     31.355     31.355     31.355           0
Wed 06-11-2008     30.153     30.153     30.153     30.153           0
Tue 06-10-2008     33.602     33.602     33.602     33.602           0
Mon 06-09-2008     34.238     34.238     34.238     34.238           0
Fri 06-06-2008     35.462     35.462     35.462     35.462           0
Thu 06-05-2008     38.377     38.377     38.377     38.377           0
Wed 06-04-2008     35.121     35.121     35.121     35.121           0
Tue 06-03-2008     33.459     33.459     33.459     33.459           0
Mon 06-02-2008     33.935     33.935     33.935     33.935           0
Fri 05-30-2008     35.803     35.803     35.803     35.803           0
Thu 05-29-2008     34.914     34.914     34.914     34.914           0
Wed 05-28-2008     33.793     33.793     33.793     33.793           0
Tue 05-27-2008     33.935     33.935     33.935     33.935           0
Fri 05-23-2008     31.636     31.636     31.636     31.636           0
Thu 05-22-2008     33.460     33.460     33.460     33.460           0
Wed 05-21-2008     32.004     32.004     32.004     32.004           0
Tue 05-20-2008     33.381     33.381     33.381     33.381           0
Mon 05-19-2008     34.048     34.048     34.048     34.048           0
Fri 05-16-2008     34.261     34.261     34.261     34.261           0
Thu 05-15-2008     34.217     34.217     34.217     34.217           0
Wed 05-14-2008     33.024     33.024     33.024     33.024           0
Tue 05-13-2008     32.380     32.380     32.380     32.380           0
Mon 05-12-2008     32.411     32.411     32.411     32.411           0
Fri 05-09-2008     29.219     29.219     29.219     29.219           0
Thu 05-08-2008     29.354     29.354     29.354     29.354           0
Wed 05-07-2008     28.140     28.140     28.140     28.140           0
Tue 05-06-2008     30.524     30.524     30.524     30.524           0
Mon 05-05-2008     29.758     29.758     29.758     29.758           0
Fri 05-02-2008     30.618     30.618     30.618     30.618           0
Thu 05-01-2008     30.674     30.674     30.674     30.674           0
Wed 04-30-2008     28.067     28.067     28.067     28.067           0
Tue 04-29-2008     28.740     28.740     28.740     28.740           0
Mon 04-28-2008     28.677     28.677     28.677     28.677           0
Fri 04-25-2008     27.926     27.926     27.926     27.926           0
Thu 04-24-2008     26.973     26.973     26.973     26.973           0
Wed 04-23-2008     25.012     25.012     25.012     25.012           0
Tue 04-22-2008     23.869     23.869     23.869     23.869           0
Mon 04-21-2008     25.024     25.024     25.024     25.024           0
Fri 04-18-2008     25.404     25.404     25.404     25.404           0
Thu 04-17-2008     23.034     23.034     23.034     23.034           0
Wed 04-16-2008     23.985     23.985     23.985     23.985           0
Tue 04-15-2008     21.001     21.001     21.001     21.001           0
Mon 04-14-2008     19.795     19.795     19.795     19.795           0
Fri 04-11-2008     20.549     20.549     20.549     20.549           0
Thu 04-10-2008     22.772     22.772     22.772     22.772           0
Wed 04-09-2008     22.253     22.253     22.253     22.253           0
Tue 04-08-2008     23.900     23.900     23.900     23.900           0
Mon 04-07-2008     24.517     24.517     24.517     24.517           0
Fri 04-04-2008     24.274     24.274     24.274     24.274           0
Thu 04-03-2008     24.127     24.127     24.127     24.127           0
Wed 04-02-2008     24.054     24.054     24.054     24.054           0
Tue 04-01-2008     23.529     23.529     23.529     23.529           0
Mon 03-31-2008     19.834     19.834     19.834     19.834           0
Fri 03-28-2008     19.610     19.610     19.610     19.610           0
Thu 03-27-2008     20.810     20.810     20.810     20.810           0
Wed 03-26-2008     22.039     22.039     22.039     22.039           0
Tue 03-25-2008     21.888     21.888     21.888     21.888           0
Mon 03-24-2008     21.448     21.448     21.448     21.448           0
Thu 03-20-2008     18.380     18.380     18.380     18.380           0
Wed 03-19-2008     16.129     16.129     16.129     16.129           0
Tue 03-18-2008     17.625     17.625     17.625     17.625           0
Mon 03-17-2008     14.556     14.556     14.556     14.556           0
Fri 03-14-2008     16.674     16.674     16.674     16.674           0
Thu 03-13-2008     18.358     18.358     18.358     18.358           0
Wed 03-12-2008     17.011     17.011     17.011     17.011           0
Tue 03-11-2008     17.144     17.144     17.144     17.144           0
Mon 03-10-2008     14.445     14.445     14.445     14.445           0
Fri 03-07-2008     16.784     16.784     16.784     16.784           0
Thu 03-06-2008     17.979     17.979     17.979     17.979           0
Wed 03-05-2008     20.103     20.103     20.103     20.103           0
Tue 03-04-2008     20.094     20.094     20.094     20.094           0
Mon 03-03-2008     20.310     20.310     20.310     20.310           0
Fri 02-29-2008     21.114     21.114     21.114     21.114           0
Thu 02-28-2008     22.948     22.948     22.948     22.948           0
Wed 02-27-2008     24.090     24.090     24.090     24.090           0
Tue 02-26-2008     24.011     24.011     24.011     24.011           0
Mon 02-25-2008     22.362     22.362     22.362     22.362           0
Fri 02-22-2008     20.999     20.999     20.999     20.999           0
Thu 02-21-2008     21.035     21.035     21.035     21.035           0
Wed 02-20-2008     22.320     22.320     22.320     22.320           0
Tue 02-19-2008     21.757     21.757     21.757     21.757           0
Fri 02-15-2008     20.731     20.731     20.731     20.731           0
Thu 02-14-2008     21.632     21.632     21.632     21.632           0
Wed 02-13-2008     23.955     23.955     23.955     23.955           0
Tue 02-12-2008     21.525     21.525     21.525     21.525           0
Mon 02-11-2008     20.893     20.893     20.893     20.893           0
Fri 02-08-2008     20.523     20.523     20.523     20.523           0
Thu 02-07-2008     20.478     20.478     20.478     20.478           0
Wed 02-06-2008     19.632     19.632     19.632     19.632           0
Tue 02-05-2008     20.324     20.324     20.324     20.324           0
Mon 02-04-2008     23.640     23.640     23.640     23.640           0
Fri 02-01-2008     24.484     24.484     24.484     24.484           0
Thu 01-31-2008     22.069     22.069     22.069     22.069           0
Wed 01-30-2008     19.946     19.946     19.946     19.946           0
Tue 01-29-2008     20.478     20.478     20.478     20.478           0
Mon 01-28-2008     20.212     20.212     20.212     20.212           0
Fri 01-25-2008     18.731     18.731     18.731     18.731           0
Thu 01-24-2008     19.066     19.066     19.066     19.066           0
Wed 01-23-2008     18.665     18.665     18.665     18.665           0
Tue 01-22-2008     17.170     17.170     17.170     17.170           0
Fri 01-18-2008     18.158     18.158     18.158     18.158           0
Thu 01-17-2008     18.399     18.399     18.399     18.399           0
Wed 01-16-2008     20.017     20.017     20.017     20.017           0
Tue 01-15-2008     19.965     19.965     19.965     19.965           0
Mon 01-14-2008     21.898     21.898     21.898     21.898           0
Fri 01-11-2008     21.137     21.137     21.137     21.137           0
Thu 01-10-2008     22.987     22.987     22.987     22.987           0
Wed 01-09-2008     21.683     21.683     21.683     21.683           0
Tue 01-08-2008     22.461     22.461     22.461     22.461           0
Mon 01-07-2008     24.076     24.076     24.076     24.076           0
Fri 01-04-2008     24.708     24.708     24.708     24.708           0
Thu 01-03-2008     26.905     26.905     26.905     26.905           0
Wed 01-02-2008     27.656     27.656     27.656     27.656           0
Mon 12-31-2007     29.316     29.316     29.316     29.316           0
Fri 12-28-2007     29.696     29.696     29.696     29.696           0
Thu 12-27-2007     30.359     30.359     30.359     30.359           0
Wed 12-26-2007     33.450     33.450     33.450     33.450           0
Mon 12-24-2007     32.244     32.244     32.244     32.244           0
Fri 12-21-2007     31.419     31.419     31.419     31.419           0
Thu 12-20-2007     29.035     29.035     29.035     29.035           0
Wed 12-19-2007     27.537     27.537     27.537     27.537           0
Tue 12-18-2007     27.583     27.583     27.583     27.583           0
Mon 12-17-2007     26.306     26.306     26.306     26.306           0
Fri 12-14-2007     28.809     28.809     28.809     28.809           0
Thu 12-13-2007     30.541     30.541     30.541     30.541           0
Wed 12-12-2007     30.721     30.721     30.721     30.721           0
Tue 12-11-2007     30.044     30.044     30.044     30.044           0
Mon 12-10-2007     33.956     33.956     33.956     33.956           0
Fri 12-07-2007     34.118     34.118     34.118     34.118           0
Thu 12-06-2007     34.614     34.614     34.614     34.614           0
Wed 12-05-2007     32.133     32.133     32.133     32.133           0
Tue 12-04-2007     30.719     30.719     30.719     30.719           0
Mon 12-03-2007     31.171     31.171     31.171     31.171           0
Fri 11-30-2007     31.787     31.787     31.787     31.787           0
Thu 11-29-2007     31.974     31.974     31.974     31.974           0
Wed 11-28-2007     31.690     31.690     31.690     31.690           0
Tue 11-27-2007     28.503     28.503     28.503     28.503           0
Mon 11-26-2007     27.589     27.589     27.589     27.589           0
Fri 11-23-2007     29.612     29.612     29.612     29.612           0
Wed 11-21-2007     27.595     27.595     27.595     27.595           0
Tue 11-20-2007     29.145     29.145     29.145     29.145           0
Mon 11-19-2007     30.090     30.090     30.090     30.090           0
Fri 11-16-2007     32.616     32.616     32.616     32.616           0
Thu 11-15-2007     32.118     32.118     32.118     32.118           0
Wed 11-14-2007     34.208     34.208     34.208     34.208           0
Tue 11-13-2007     35.150     35.150     35.150     35.150           0
Mon 11-12-2007     32.687     32.687     32.687     32.687           0
Fri 11-09-2007     34.416     34.416     34.416     34.416           0
Thu 11-08-2007     35.974     35.974     35.974     35.974           0
Wed 11-07-2007     35.478     35.478     35.478     35.478           0
Tue 11-06-2007     39.270     39.270     39.270     39.270           0
Mon 11-05-2007     38.209     38.209     38.209     38.209           0
Fri 11-02-2007     39.731     39.731     39.731     39.731           0
Thu 11-01-2007     39.323     39.323     39.323     39.323           0
Wed 10-31-2007     44.087     44.087     44.087     44.087           0
Tue 10-30-2007     42.739     42.739     42.739     42.739           0
Mon 10-29-2007     43.970     43.970     43.970     43.970           0
Fri 10-26-2007     42.689     42.689     42.689     42.689           0
Thu 10-25-2007     41.696     41.696     41.696     41.696           0
Wed 10-24-2007     42.121     42.121     42.121     42.121           0
Tue 10-23-2007     42.726     42.726     42.726     42.726           0
Mon 10-22-2007     42.432     42.432     42.432     42.432           0
Fri 10-19-2007     40.999     40.999     40.999     40.999           0
Thu 10-18-2007     44.728     44.728     44.728     44.728           0
Wed 10-17-2007     44.835     44.835     44.835     44.835           0
Tue 10-16-2007     44.196     44.196     44.196     44.196           0
Mon 10-15-2007     46.016     46.016     46.016     46.016           0
Fri 10-12-2007     47.054     47.054     47.054     47.054           0
Thu 10-11-2007     45.566     45.566     45.566     45.566           0
Wed 10-10-2007     47.550     47.550     47.550     47.550           0
Tue 10-09-2007     47.571     47.571     47.571     47.571           0
Mon 10-08-2007     46.962     46.962     46.962     46.962           0
Fri 10-05-2007     47.714     47.714     47.714     47.714           0
Thu 10-04-2007     44.563     44.563     44.563     44.563           0
Wed 10-03-2007     44.310     44.310     44.310     44.310           0
Tue 10-02-2007     45.018     45.018     45.018     45.018           0
Mon 10-01-2007     43.860     43.860     43.860     43.860           0
Fri 09-28-2007     41.131     41.131     41.131     41.131           0
Thu 09-27-2007     42.016     42.016     42.016     42.016           0
Wed 09-26-2007     40.219     40.219     40.219     40.219           0
Tue 09-25-2007     39.790     39.790     39.790     39.790           0
Mon 09-24-2007     39.606     39.606     39.606     39.606           0
Fri 09-21-2007     40.865     40.865     40.865     40.865           0
Thu 09-20-2007     40.365     40.365     40.365     40.365           0
Wed 09-19-2007     40.605     40.605     40.605     40.605           0
Tue 09-18-2007     39.299     39.299     39.299     39.299           0
Mon 09-17-2007     34.809     34.809     34.809     34.809           0
Fri 09-14-2007     36.444     36.444     36.444     36.444           0
Thu 09-13-2007     36.069     36.069     36.069     36.069           0
Wed 09-12-2007     35.633     35.633     35.633     35.633           0
Tue 09-11-2007     36.918     36.918     36.918     36.918           0
Mon 09-10-2007     34.346     34.346     34.346     34.346           0
Fri 09-07-2007     35.512     35.512     35.512     35.512           0
Thu 09-06-2007     38.508     38.508     38.508     38.508           0
Wed 09-05-2007     37.173     37.173     37.173     37.173           0
Tue 09-04-2007     38.658     38.658     38.658     38.658           0
Fri 08-31-2007     36.962     36.962     36.962     36.962           0
Thu 08-30-2007     35.158     35.158     35.158     35.158           0
Wed 08-29-2007     36.025     36.025     36.025     36.025           0
Tue 08-28-2007     32.444     32.444     32.444     32.444           0
Mon 08-27-2007     35.866     35.866     35.866     35.866           0
Fri 08-24-2007     37.278     37.278     37.278     37.278           0
Thu 08-23-2007     35.057     35.057     35.057     35.057           0
Wed 08-22-2007     36.698     36.698     36.698     36.698           0
Tue 08-21-2007     34.982     34.982     34.982     34.982           0
Mon 08-20-2007     34.379     34.379     34.379     34.379           0
Fri 08-17-2007     34.595     34.595     34.595     34.595           0
Thu 08-16-2007     31.209     31.209     31.209     31.209           0
Wed 08-15-2007     30.971     30.971     30.971     30.971           0
Tue 08-14-2007     33.251     33.251     33.251     33.251           0
Mon 08-13-2007     35.992     35.992     35.992     35.992           0
Fri 08-10-2007     36.691     36.691     36.691     36.691           0
Thu 08-09-2007     36.985     36.985     36.985     36.985           0
Wed 08-08-2007     38.739     38.739     38.739     38.739           0
Tue 08-07-2007     35.215     35.215     35.215     35.215           0
Mon 08-06-2007     34.405     34.405     34.405     34.405           0
Fri 08-03-2007     33.682     33.682     33.682     33.682           0
Thu 08-02-2007     37.663     37.663     37.663     37.663           0
Wed 08-01-2007     36.699     36.699     36.699     36.699           0
Tue 07-31-2007     37.516     37.516     37.516     37.516           0
Mon 07-30-2007     38.953     38.953     38.953     38.953           0
Fri 07-27-2007     37.921     37.921     37.921     37.921           0
Thu 07-26-2007     40.687     40.687     40.687     40.687           0
Wed 07-25-2007     44.637     44.637     44.637     44.637           0
Tue 07-24-2007     44.825     44.825     44.825     44.825           0
Mon 07-23-2007     48.875     48.875     48.875     48.875           0
Fri 07-20-2007     48.495     48.495     48.495     48.495           0
Thu 07-19-2007     50.255     50.255     50.255     50.255           0
Wed 07-18-2007     49.872     49.872     49.872     49.872           0
Tue 07-17-2007     50.724     50.724     50.724     50.724           0
Mon 07-16-2007     50.872     50.872     50.872     50.872           0
Fri 07-13-2007     51.584     51.584     51.584     51.584           0
Thu 07-12-2007     51.542     51.542     51.542     51.542           0
Wed 07-11-2007     49.408     49.408     49.408     49.408           0
Tue 07-10-2007     49.218     49.218     49.218     49.218           0
Mon 07-09-2007     51.214     51.214     51.214     51.214           0
Fri 07-06-2007     50.663     50.663     50.663     50.663           0
Thu 07-05-2007     50.278     50.278     50.278     50.278           0
Tue 07-03-2007     49.979     49.979     49.979     49.979           0
Mon 07-02-2007     48.331     48.331     48.331     48.331           0
Fri 06-29-2007     48.352     48.352     48.352     48.352           0
Thu 06-28-2007     50.168     50.168     50.168     50.168           0
Wed 06-27-2007     49.833     49.833     49.833     49.833           0
Tue 06-26-2007     48.204     48.204     48.204     48.204           0
Mon 06-25-2007     49.124     49.124     49.124     49.124           0
Fri 06-22-2007     50.169     50.169     50.169     50.169           0
Thu 06-21-2007     51.911     51.911     51.911     51.911           0
Wed 06-20-2007     51.798     51.798     51.798     51.798           0
Tue 06-19-2007     53.177     53.177     53.177     53.177           0
Mon 06-18-2007     53.754     53.754     53.754     53.754           0
Fri 06-15-2007     53.012     53.012     53.012     53.012           0
Thu 06-14-2007     51.825     51.825     51.825     51.825           0
Wed 06-13-2007     50.943     50.943     50.943     50.943           0
Tue 06-12-2007     49.253     49.253     49.253     49.253           0
Mon 06-11-2007     51.048     51.048     51.048     51.048           0
Fri 06-08-2007     51.752     51.752     51.752     51.752           0
Thu 06-07-2007     49.850     49.850     49.850     49.850           0
Wed 06-06-2007     52.959     52.959     52.959     52.959           0
Tue 06-05-2007     54.862     54.862     54.862     54.862           0
Mon 06-04-2007     55.532     55.532     55.532     55.532           0
Fri 06-01-2007     55.356     55.356     55.356     55.356           0
Thu 05-31-2007     54.072     54.072     54.072     54.072           0
Wed 05-30-2007     53.157     53.157     53.157     53.157           0
Tue 05-29-2007     53.532     53.532     53.532     53.532           0
Fri 05-25-2007     52.393     52.393     52.393     52.393           0
Thu 05-24-2007     51.125     51.125     51.125     51.125           0
Wed 05-23-2007     54.235     54.235     54.235     54.235           0
Tue 05-22-2007     53.946     53.946     53.946     53.946           0
Mon 05-21-2007     52.870     52.870     52.870     52.870           0
Fri 05-18-2007     51.410     51.410     51.410     51.410           0
Thu 05-17-2007     51.007     51.007     51.007     51.007           0
Wed 05-16-2007     51.804     51.804     51.804     51.804           0
Tue 05-15-2007     51.624     51.624     51.624     51.624           0
Mon 05-14-2007     52.916     52.916     52.916     52.916           0
Fri 05-11-2007     54.377     54.377     54.377     54.377           0
Thu 05-10-2007     52.802     52.802     52.802     52.802           0
Wed 05-09-2007     56.258     56.258     56.258     56.258           0
Tue 05-08-2007     55.807     55.807     55.807     55.807           0
Mon 05-07-2007     56.808     56.808     56.808     56.808           0
Fri 05-04-2007     56.928     56.928     56.928     56.928           0
Thu 05-03-2007     55.797     55.797     55.797     55.797           0
Wed 05-02-2007     55.723     55.723     55.723     55.723           0
Tue 05-01-2007     53.537     53.537     53.537     53.537           0
Mon 04-30-2007     54.293     54.293     54.293     54.293           0
Fri 04-27-2007     56.633     56.633     56.633     56.633           0
Thu 04-26-2007     56.542     56.542     56.542     56.542           0
Wed 04-25-2007     56.649     56.649     56.649     56.649           0
Tue 04-24-2007     56.182     56.182     56.182     56.182           0
Mon 04-23-2007     56.374     56.374     56.374     56.374           0
Fri 04-20-2007     57.041     57.041     57.041     57.041           0
Thu 04-19-2007     55.453     55.453     55.453     55.453           0
Wed 04-18-2007     56.425     56.425     56.425     56.425           0
Tue 04-17-2007     57.083     57.083     57.083     57.083           0
Mon 04-16-2007     57.534     57.534     57.534     57.534           0
Fri 04-13-2007     54.950     54.950     54.950     54.950           0
Thu 04-12-2007     53.665     53.665     53.665     53.665           0
Wed 04-11-2007     52.867     52.867     52.867     52.867           0
Tue 04-10-2007     53.768     53.768     53.768     53.768           0
Mon 04-09-2007     53.641     53.641     53.641     53.641           0
Thu 04-05-2007     54.025     54.025     54.025     54.025           0
Wed 04-04-2007     53.640     53.640     53.640     53.640           0
Tue 04-03-2007     53.614     53.614     53.614     53.614           0
Mon 04-02-2007     52.836     52.836     52.836     52.836           0
Fri 03-30-2007     52.741     52.741     52.741     52.741           0
Thu 03-29-2007     52.344     52.344     52.344     52.344           0
Wed 03-28-2007     51.917     51.917     51.917     51.917           0
Tue 03-27-2007     53.398     53.398     53.398     53.398           0
Mon 03-26-2007     53.972     53.972     53.972     53.972           0
Fri 03-23-2007     54.844     54.844     54.844     54.844           0
Thu 03-22-2007     54.198     54.198     54.198     54.198           0
Wed 03-21-2007     53.801     53.801     53.801     53.801           0
Tue 03-20-2007     51.084     51.084     51.084     51.084           0
Mon 03-19-2007     50.438     50.438     50.438     50.438           0
Fri 03-16-2007     48.601     48.601     48.601     48.601           0
Thu 03-15-2007     49.750     49.750     49.750     49.750           0
Wed 03-14-2007     48.835     48.835     48.835     48.835           0
Tue 03-13-2007     47.674     47.674     47.674     47.674           0
Mon 03-12-2007     51.559     51.559     51.559     51.559           0
Fri 03-09-2007     51.280     51.280     51.280     51.280           0
Thu 03-08-2007     50.823     50.823     50.823     50.823           0
Wed 03-07-2007     49.918     49.918     49.918     49.918           0
Tue 03-06-2007     50.533     50.533     50.533     50.533           0
Mon 03-05-2007     46.888     46.888     46.888     46.888           0
Fri 03-02-2007     50.453     50.453     50.453     50.453           0
Thu 03-01-2007     53.894     53.894     53.894     53.894           0
Wed 02-28-2007     54.791     54.791     54.791     54.791           0
Tue 02-27-2007     53.994     53.994     53.994     53.994           0
Mon 02-26-2007     59.703     59.703     59.703     59.703           0
Fri 02-23-2007     59.669     59.669     59.669     59.669           0
Thu 02-22-2007     59.826     59.826     59.826     59.826           0
Wed 02-21-2007     58.682     58.682     58.682     58.682           0
Tue 02-20-2007     58.516     58.516     58.516     58.516           0
Fri 02-16-2007     56.505     56.505     56.505     56.505           0
Thu 02-15-2007     55.697     55.697     55.697     55.697           0
Wed 02-14-2007     55.461     55.461     55.461     55.461           0
Tue 02-13-2007     54.957     54.957     54.957     54.957           0
Mon 02-12-2007     53.872     53.872     53.872     53.872           0
Fri 02-09-2007     54.013     54.013     54.013     54.013           0
Thu 02-08-2007     55.089     55.089     55.089     55.089           0
Wed 02-07-2007     55.135     55.135     55.135     55.135           0
Tue 02-06-2007     54.292     54.292     54.292     54.292           0
Mon 02-05-2007     54.000     54.000     54.000     54.000           0
Fri 02-02-2007     54.564     54.564     54.564     54.564           0
Thu 02-01-2007     53.437     53.437     53.437     53.437           0
Wed 01-31-2007     52.801     52.801     52.801     52.801           0
Tue 01-30-2007     52.178     52.178     52.178     52.178           0
Mon 01-29-2007     50.627     50.627     50.627     50.627           0
Fri 01-26-2007     49.498     49.498     49.498     49.498           0
Thu 01-25-2007     48.952     48.952     48.952     48.952           0
Wed 01-24-2007     50.586     50.586     50.586     50.586           0
Tue 01-23-2007     48.624     48.624     48.624     48.624           0
Mon 01-22-2007     48.168     48.168     48.168     48.168           0
Fri 01-19-2007     49.186     49.186     49.186     49.186           0
Thu 01-18-2007     47.972     47.972     47.972     47.972           0
Wed 01-17-2007     49.501     49.501     49.501     49.501           0
Tue 01-16-2007     50.166     50.166     50.166     50.166           0
Fri 01-12-2007     50.314     50.314     50.314     50.314           0
Thu 01-11-2007     49.414     49.414     49.414     49.414           0
Wed 01-10-2007     47.715     47.715     47.715     47.715           0
Tue 01-09-2007     47.565     47.565     47.565     47.565           0
Mon 01-08-2007     47.499     47.499     47.499     47.499           0
Fri 01-05-2007     47.868     47.868     47.868     47.868           0
Thu 01-04-2007     49.288     49.288     49.288     49.288           0
Wed 01-03-2007     48.453     48.453     48.453     48.453           0
Fri 12-29-2006     48.397     48.397     48.397     48.397           0
Thu 12-28-2006     49.284     49.284     49.284     49.284           0
Wed 12-27-2006     49.556     49.556     49.556     49.556           0
Tue 12-26-2006     48.489     48.489     48.489     48.489           0
Fri 12-22-2006     47.577     47.577     47.577     47.577           0
Thu 12-21-2006     47.879     47.879     47.879     47.879           0
Wed 12-20-2006     48.298     48.298     48.298     48.298           0
Tue 12-19-2006     47.817     47.817     47.817     47.817           0
Mon 12-18-2006     47.619     47.619     47.619     47.619           0
Fri 12-15-2006     50.319     50.319     50.319     50.319           0
Thu 12-14-2006     49.914     49.914     49.914     49.914           0
Wed 12-13-2006     48.861     48.861     48.861     48.861           0
Tue 12-12-2006     49.146     49.146     49.146     49.146           0
Mon 12-11-2006     49.979     49.979     49.979     49.979           0
Fri 12-08-2006     49.317     49.317     49.317     49.317           0
Thu 12-07-2006     49.061     49.061     49.061     49.061           0
Wed 12-06-2006     49.743     49.743     49.743     49.743           0
Tue 12-05-2006     50.450     50.450     50.450     50.450           0
Mon 12-04-2006     49.700     49.700     49.700     49.700           0
Fri 12-01-2006     48.137     48.137     48.137     48.137           0
Thu 11-30-2006     48.372     48.372     48.372     48.372           0
Wed 11-29-2006     47.972     47.972     47.972     47.972           0
Tue 11-28-2006     46.250     46.250     46.250     46.250           0
Mon 11-27-2006     46.221     46.221     46.221     46.221           0
Fri 11-24-2006     50.632     50.632     50.632     50.632           0
Wed 11-22-2006     50.130     50.130     50.130     50.130           0
Tue 11-21-2006     49.632     49.632     49.632     49.632           0
Mon 11-20-2006     50.152     50.152     50.152     50.152           0
Fri 11-17-2006     50.260     50.260     50.260     50.260           0
Thu 11-16-2006     50.631     50.631     50.631     50.631           0
Wed 11-15-2006     49.935     49.935     49.935     49.935           0
Tue 11-14-2006     49.626     49.626     49.626     49.626           0
Mon 11-13-2006     47.269     47.269     47.269     47.269           0
Fri 11-10-2006     46.587     46.587     46.587     46.587           0
Thu 11-09-2006     45.721     45.721     45.721     45.721           0
Wed 11-08-2006     46.487     46.487     46.487     46.487           0
Tue 11-07-2006     46.025     46.025     46.025     46.025           0
Mon 11-06-2006     44.922     44.922     44.922     44.922           0
Fri 11-03-2006     43.332     43.332     43.332     43.332           0
Thu 11-02-2006     42.947     42.947     42.947     42.947           0
Wed 11-01-2006     44.058     44.058     44.058     44.058           0
Tue 10-31-2006     46.325     46.325     46.325     46.325           0
Mon 10-30-2006     45.983     45.983     45.983     45.983           0
Fri 10-27-2006     45.828     45.828     45.828     45.828           0
Thu 10-26-2006     46.881     46.881     46.881     46.881           0
Wed 10-25-2006     45.475     45.475     45.475     45.475           0
Tue 10-24-2006     44.883     44.883     44.883     44.883           0
Mon 10-23-2006     45.604     45.604     45.604     45.604           0
Fri 10-20-2006     45.488     45.488     45.488     45.488           0
Thu 10-19-2006     47.091     47.091     47.091     47.091           0
Wed 10-18-2006     46.799     46.799     46.799     46.799           0
Tue 10-17-2006     46.645     46.645     46.645     46.645           0
Mon 10-16-2006     48.057     48.057     48.057     48.057           0
Fri 10-13-2006     47.217     47.217     47.217     47.217           0
Thu 10-12-2006     45.758     45.758     45.758     45.758           0
Wed 10-11-2006     42.804     42.804     42.804     42.804           0
Tue 10-10-2006     43.482     43.482     43.482     43.482           0
Mon 10-09-2006     43.091     43.091     43.091     43.091           0
Fri 10-06-2006     42.433     42.433     42.433     42.433           0
Thu 10-05-2006     42.711     42.711     42.711     42.711           0
Wed 10-04-2006     40.987     40.987     40.987     40.987           0
Tue 10-03-2006     37.710     37.710     37.710     37.710           0
Mon 10-02-2006     37.959     37.959     37.959     37.959           0
Fri 09-29-2006     40.132     40.132     40.132     40.132           0
Thu 09-28-2006     40.935     40.935     40.935     40.935           0
Wed 09-27-2006     40.881     40.881     40.881     40.881           0
Tue 09-26-2006     40.314     40.314     40.314     40.314           0
Mon 09-25-2006     39.465     39.465     39.465     39.465           0
Fri 09-22-2006     37.986     37.986     37.986     37.986           0
Thu 09-21-2006     40.259     40.259     40.259     40.259           0
Wed 09-20-2006     41.647     41.647     41.647     41.647           0
Tue 09-19-2006     39.105     39.105     39.105     39.105           0
Mon 09-18-2006     40.580     40.580     40.580     40.580           0
Fri 09-15-2006     40.631     40.631     40.631     40.631           0
Thu 09-14-2006     40.000     40.000     40.000     40.000           0
Wed 09-13-2006     40.246     40.246     40.246     40.246           0
Tue 09-12-2006     38.870     38.870     38.870     38.870           0
Mon 09-11-2006     35.771     35.771     35.771     35.771           0
Fri 09-08-2006     36.292     36.292     36.292     36.292           0
Thu 09-07-2006     36.711     36.711     36.711     36.711           0
Wed 09-06-2006     37.390     37.390     37.390     37.390           0
Tue 09-05-2006     40.490     40.490     40.490     40.490           0
Fri 09-01-2006     39.265     39.265     39.265     39.265           0
Thu 08-31-2006     39.120     39.120     39.120     39.120           0
Wed 08-30-2006     39.221     39.221     39.221     39.221           0
Tue 08-29-2006     37.983     37.983     37.983     37.983           0
Mon 08-28-2006     36.381     36.381     36.381     36.381           0
Fri 08-25-2006     34.789     34.789     34.789     34.789           0
Thu 08-24-2006     34.526     34.526     34.526     34.526           0
Wed 08-23-2006     33.557     33.557     33.557     33.557           0
Tue 08-22-2006     36.048     36.048     36.048     36.048           0
Mon 08-21-2006     35.454     35.454     35.454     35.454           0
Fri 08-18-2006     37.016     37.016     37.016     37.016           0
Thu 08-17-2006     36.737     36.737     36.737     36.737           0
Wed 08-16-2006     34.938     34.938     34.938     34.938           0
Tue 08-15-2006     32.826     32.826     32.826     32.826           0
Mon 08-14-2006     28.782     28.782     28.782     28.782           0
Fri 08-11-2006     28.945     28.945     28.945     28.945           0
Thu 08-10-2006     30.424     30.424     30.424     30.424           0
Wed 08-09-2006     29.976     29.976     29.976     29.976           0
Tue 08-08-2006     31.096     31.096     31.096     31.096           0
Mon 08-07-2006     32.452     32.452     32.452     32.452           0
Fri 08-04-2006     33.380     33.380     33.380     33.380           0
Thu 08-03-2006     34.023     34.023     34.023     34.023           0
Wed 08-02-2006     32.973     32.973     32.973     32.973           0
Tue 08-01-2006     31.338     31.338     31.338     31.338           0
Mon 07-31-2006     33.381     33.381     33.381     33.381           0
Fri 07-28-2006     33.011     33.011     33.011     33.011           0
Thu 07-27-2006     29.596     29.596     29.596     29.596           0
Wed 07-26-2006     30.932     30.932     30.932     30.932           0
Tue 07-25-2006     31.774     31.774     31.774     31.774           0
Mon 07-24-2006     31.167     31.167     31.167     31.167           0
Fri 07-21-2006     28.240     28.240     28.240     28.240           0
Thu 07-20-2006     30.668     30.668     30.668     30.668           0
Wed 07-19-2006     33.621     33.621     33.621     33.621           0
Tue 07-18-2006     29.905     29.905     29.905     29.905           0
Mon 07-17-2006     29.460     29.460     29.460     29.460           0
Fri 07-14-2006     30.644     30.644     30.644     30.644           0
Thu 07-13-2006     31.816     31.816     31.816     31.816           0
Wed 07-12-2006     35.002     35.002     35.002     35.002           0
Tue 07-11-2006     38.189     38.189     38.189     38.189           0
Mon 07-10-2006     37.271     37.271     37.271     37.271           0
Fri 07-07-2006     37.550     37.550     37.550     37.550           0
Thu 07-06-2006     40.115     40.115     40.115     40.115           0
Wed 07-05-2006     39.806     39.806     39.806     39.806           0
Mon 07-03-2006     42.444     42.444     42.444     42.444           0
Fri 06-30-2006     41.586     41.586     41.586     41.586           0
Thu 06-29-2006     41.071     41.071     41.071     41.071           0
Wed 06-28-2006     35.286     35.286     35.286     35.286           0
Tue 06-27-2006     35.018     35.018     35.018     35.018           0
Mon 06-26-2006     37.813     37.813     37.813     37.813           0
Fri 06-23-2006     36.680     36.680     36.680     36.680           0
Thu 06-22-2006     36.725     36.725     36.725     36.725           0
Wed 06-21-2006     37.406     37.406     37.406     37.406           0
Tue 06-20-2006     35.900     35.900     35.900     35.900           0
Mon 06-19-2006     36.419     36.419     36.419     36.419           0
Fri 06-16-2006     38.714     38.714     38.714     38.714           0
Thu 06-15-2006     40.835     40.835     40.835     40.835           0
Wed 06-14-2006     35.039     35.039     35.039     35.039           0
Tue 06-13-2006     34.313     34.313     34.313     34.313           0
Mon 06-12-2006     38.610     38.610     38.610     38.610           0
Fri 06-09-2006     43.063     43.063     43.063     43.063           0
Thu 06-08-2006     43.701     43.701     43.701     43.701           0
Wed 06-07-2006     44.757     44.757     44.757     44.757           0
Tue 06-06-2006     45.451     45.451     45.451     45.451           0
Mon 06-05-2006     46.157     46.157     46.157     46.157           0
Fri 06-02-2006     49.936     49.936     49.936     49.936           0
Thu 06-01-2006     49.851     49.851     49.851     49.851           0
Wed 05-31-2006     47.311     47.311     47.311     47.311           0
Tue 05-30-2006     45.343     45.343     45.343     45.343           0
Fri 05-26-2006     48.905     48.905     48.905     48.905           0
Thu 05-25-2006     47.661     47.661     47.661     47.661           0
Wed 05-24-2006     45.835     45.835     45.835     45.835           0
Tue 05-23-2006     45.545     45.545     45.545     45.545           0
Mon 05-22-2006     45.578     45.578     45.578     45.578           0
Fri 05-19-2006     48.239     48.239     48.239     48.239           0
Thu 05-18-2006     48.304     48.304     48.304     48.304           0
Wed 05-17-2006     49.305     49.305     49.305     49.305           0
Tue 05-16-2006     51.695     51.695     51.695     51.695           0
Mon 05-15-2006     51.897     51.897     51.897     51.897           0
Fri 05-12-2006     53.550     53.550     53.550     53.550           0
Thu 05-11-2006     56.181     56.181     56.181     56.181           0
Wed 05-10-2006     58.930     58.930     58.930     58.930           0
Tue 05-09-2006     59.472     59.472     59.472     59.472           0
Mon 05-08-2006     60.058     60.058     60.058     60.058           0
Fri 05-05-2006     60.074     60.074     60.074     60.074           0
Thu 05-04-2006     59.174     59.174     59.174     59.174           0
Wed 05-03-2006     58.354     58.354     58.354     58.354           0
Tue 05-02-2006     58.802     58.802     58.802     58.802           0
Mon 05-01-2006     57.802     57.802     57.802     57.802           0
Fri 04-28-2006     59.374     59.374     59.374     59.374           0
Thu 04-27-2006     59.194     59.194     59.194     59.194           0
Wed 04-26-2006     59.376     59.376     59.376     59.376           0
Tue 04-25-2006     59.500     59.500     59.500     59.500           0
Mon 04-24-2006     59.598     59.598     59.598     59.598           0
Fri 04-21-2006     59.984     59.984     59.984     59.984           0
Thu 04-20-2006     60.380     60.380     60.380     60.380           0
Wed 04-19-2006     60.875     60.875     60.875     60.875           0
Tue 04-18-2006     59.313     59.313     59.313     59.313           0
Mon 04-17-2006     58.129     58.129     58.129     58.129           0
Thu 04-13-2006     58.722     58.722     58.722     58.722           0
Wed 04-12-2006     57.864     57.864     57.864     57.864           0
Tue 04-11-2006     58.025     58.025     58.025     58.025           0
Mon 04-10-2006     58.494     58.494     58.494     58.494           0
Fri 04-07-2006     59.646     59.646     59.646     59.646           0
Thu 04-06-2006     61.216     61.216     61.216     61.216           0
Wed 04-05-2006     61.447     61.447     61.447     61.447           0
Tue 04-04-2006     60.841     60.841     60.841     60.841           0
Mon 04-03-2006     61.090     61.090     61.090     61.090           0
Fri 03-31-2006     62.111     62.111     62.111     62.111           0
Thu 03-30-2006     61.180     61.180     61.180     61.180           0
Wed 03-29-2006     60.300     60.300     60.300     60.300           0
Tue 03-28-2006     59.382     59.382     59.382     59.382           0
Mon 03-27-2006     59.597     59.597     59.597     59.597           0
Fri 03-24-2006     59.907     59.907     59.907     59.907           0
Thu 03-23-2006     58.735     58.735     58.735     58.735           0
Wed 03-22-2006     58.601     58.601     58.601     58.601           0
Tue 03-21-2006     57.708     57.708     57.708     57.708           0
Mon 03-20-2006     58.929     58.929     58.929     58.929           0
Fri 03-17-2006     58.977     58.977     58.977     58.977           0
Thu 03-16-2006     58.873     58.873     58.873     58.873           0
Wed 03-15-2006     58.967     58.967     58.967     58.967           0
Tue 03-14-2006     57.948     57.948     57.948     57.948           0
Mon 03-13-2006     57.523     57.523     57.523     57.523           0
Fri 03-10-2006     57.082     57.082     57.082     57.082           0
Thu 03-09-2006     56.828     56.828     56.828     56.828           0
Wed 03-08-2006     57.671     57.671     57.671     57.671           0
Tue 03-07-2006     57.289     57.289     57.289     57.289           0
Mon 03-06-2006     58.896     58.896     58.896     58.896           0
Fri 03-03-2006     59.685     59.685     59.685     59.685           0
Thu 03-02-2006     60.348     60.348     60.348     60.348           0
Wed 03-01-2006     61.424     61.424     61.424     61.424           0
Tue 02-28-2006     59.458     59.458     59.458     59.458           0
Mon 02-27-2006     60.763     60.763     60.763     60.763           0
Fri 02-24-2006     60.186     60.186     60.186     60.186           0
Thu 02-23-2006     59.915     59.915     59.915     59.915           0
Wed 02-22-2006     60.388     60.388     60.388     60.388           0
Tue 02-21-2006     58.997     58.997     58.997     58.997           0
Fri 02-17-2006     60.287     60.287     60.287     60.287           0
Thu 02-16-2006     60.506     60.506     60.506     60.506           0
Wed 02-15-2006     59.479     59.479     59.479     59.479           0
Tue 02-14-2006     58.526     58.526     58.526     58.526           0
Mon 02-13-2006     56.813     56.813     56.813     56.813           0
Fri 02-10-2006     58.062     58.062     58.062     58.062           0
Thu 02-09-2006     58.574     58.574     58.574     58.574           0
Wed 02-08-2006     58.473     58.473     58.473     58.473           0
Tue 02-07-2006     58.498     58.498     58.498     58.498           0
Mon 02-06-2006     58.998     58.998     58.998     58.998           0
Fri 02-03-2006     59.040     59.040     59.040     59.040           0
Thu 02-02-2006     59.773     59.773     59.773     59.773           0
Wed 02-01-2006     60.470     60.470     60.470     60.470           0
Tue 01-31-2006     59.730     59.730     59.730     59.730           0
Mon 01-30-2006     59.308     59.308     59.308     59.308           0
Fri 01-27-2006     59.261     59.261     59.261     59.261           0
Thu 01-26-2006     58.095     58.095     58.095     58.095           0
Wed 01-25-2006     56.763     56.763     56.763     56.763           0
Tue 01-24-2006     56.454     56.454     56.454     56.454           0
Mon 01-23-2006     55.167     55.167     55.167     55.167           0
Fri 01-20-2006     55.102     55.102     55.102     55.102           0
Thu 01-19-2006     56.353     56.353     56.353     56.353           0
Wed 01-18-2006     54.220     54.220     54.220     54.220           0
Tue 01-17-2006     55.157     55.157     55.157     55.157           0
Fri 01-13-2006     55.784     55.784     55.784     55.784           0
Thu 01-12-2006     55.138     55.138     55.138     55.138           0
Wed 01-11-2006     55.464     55.464     55.464     55.464           0
Tue 01-10-2006     54.967     54.967     54.967     54.967           0
Mon 01-09-2006     54.286     54.286     54.286     54.286           0
Fri 01-06-2006     53.515     53.515     53.515     53.515           0
Thu 01-05-2006     51.410     51.410     51.410     51.410           0
Wed 01-04-2006     50.745     50.745     50.745     50.745           0
Tue 01-03-2006     49.714     49.714     49.714     49.714           0
Fri 12-30-2005     47.378     47.378     47.378     47.378           0
Thu 12-29-2005     47.926     47.926     47.926     47.926           0
Wed 12-28-2005     48.786     48.786     48.786     48.786           0
Tue 12-27-2005     48.312     48.312     48.312     48.312           0
Fri 12-23-2005     50.197     50.197     50.197     50.197           0
Thu 12-22-2005     49.713     49.713     49.713     49.713           0
Wed 12-21-2005     48.761     48.761     48.761     48.761           0
Tue 12-20-2005     47.836     47.836     47.836     47.836           0
Mon 12-19-2005     48.359     48.359     48.359     48.359           0
Fri 12-16-2005     50.805     50.805     50.805     50.805           0
Thu 12-15-2005     51.868     51.868     51.868     51.868           0
Wed 12-14-2005     52.117     52.117     52.117     52.117           0
Tue 12-13-2005     51.571     51.571     51.571     51.571           0
Mon 12-12-2005     51.995     51.995     51.995     51.995           0
Fri 12-09-2005     51.850     51.850     51.850     51.850           0
Thu 12-08-2005     51.578     51.578     51.578     51.578           0
Wed 12-07-2005     51.080     51.080     51.080     51.080           0
Tue 12-06-2005     51.588     51.588     51.588     51.588           0
Mon 12-05-2005     51.769     51.769     51.769     51.769           0
Fri 12-02-2005     51.868     51.868     51.868     51.868           0
Thu 12-01-2005     51.684     51.684     51.684     51.684           0
Wed 11-30-2005     49.547     49.547     49.547     49.547           0
Tue 11-29-2005     49.679     49.679     49.679     49.679           0
Mon 11-28-2005     50.528     50.528     50.528     50.528           0
Fri 11-25-2005     52.028     52.028     52.028     52.028           0
Wed 11-23-2005     51.765     51.765     51.765     51.765           0
Tue 11-22-2005     51.440     51.440     51.440     51.440           0
Mon 11-21-2005     50.735     50.735     50.735     50.735           0
Fri 11-18-2005     49.654     49.654     49.654     49.654           0
Thu 11-17-2005     48.401     48.401     48.401     48.401           0
Wed 11-16-2005     46.107     46.107     46.107     46.107           0
Tue 11-15-2005     46.639     46.639     46.639     46.639           0
Mon 11-14-2005     47.561     47.561     47.561     47.561           0
Fri 11-11-2005     48.752     48.752     48.752     48.752           0
Thu 11-10-2005     48.138     48.138     48.138     48.138           0
Wed 11-09-2005     47.264     47.264     47.264     47.264           0
Tue 11-08-2005     46.648     46.648     46.648     46.648           0
Mon 11-07-2005     47.431     47.431     47.431     47.431           0
Fri 11-04-2005     46.594     46.594     46.594     46.594           0
Thu 11-03-2005     46.256     46.256     46.256     46.256           0
Wed 11-02-2005     45.615     45.615     45.615     45.615           0
Tue 11-01-2005     43.340     43.340     43.340     43.340           0
Mon 10-31-2005     44.629     44.629     44.629     44.629           0
Fri 10-28-2005     42.188     42.188     42.188     42.188           0
Thu 10-27-2005     40.462     40.462     40.462     40.462           0
Wed 10-26-2005     43.180     43.180     43.180     43.180           0
Tue 10-25-2005     44.239     44.239     44.239     44.239           0
Mon 10-24-2005     44.875     44.875     44.875     44.875           0
Fri 10-21-2005     43.354     43.354     43.354     43.354           0
Thu 10-20-2005     42.244     42.244     42.244     42.244           0
Wed 10-19-2005     44.324     44.324     44.324     44.324           0
Tue 10-18-2005     42.333     42.333     42.333     42.333           0
Mon 10-17-2005     43.882     43.882     43.882     43.882           0
Fri 10-14-2005     43.344     43.344     43.344     43.344           0
Thu 10-13-2005     41.021     41.021     41.021     41.021           0
Wed 10-12-2005     41.016     41.016     41.016     41.016           0
Tue 10-11-2005     43.414     43.414     43.414     43.414           0
Mon 10-10-2005     45.224     45.224     45.224     45.224           0
Fri 10-07-2005     46.334     46.334     46.334     46.334           0
Thu 10-06-2005     45.811     45.811     45.811     45.811           0
Wed 10-05-2005     47.048     47.048     47.048     47.048           0
Tue 10-04-2005     49.908     49.908     49.908     49.908           0
Mon 10-03-2005     50.891     50.891     50.891     50.891           0
Fri 09-30-2005     50.391     50.391     50.391     50.391           0
Thu 09-29-2005     50.185     50.185     50.185     50.185           0
Wed 09-28-2005     49.076     49.076     49.076     49.076           0
Tue 09-27-2005     48.659     48.659     48.659     48.659           0
Mon 09-26-2005     48.979     48.979     48.979     48.979           0
Fri 09-23-2005     49.181     49.181     49.181     49.181           0
Thu 09-22-2005     48.340     48.340     48.340     48.340           0
Wed 09-21-2005     48.062     48.062     48.062     48.062           0
Tue 09-20-2005     49.813     49.813     49.813     49.813           0
Mon 09-19-2005     50.799     50.799     50.799     50.799           0
Fri 09-16-2005     51.369     51.369     51.369     51.369           0
Thu 09-15-2005     50.142     50.142     50.142     50.142           0
Wed 09-14-2005     50.880     50.880     50.880     50.880           0
Tue 09-13-2005     51.919     51.919     51.919     51.919           0
Mon 09-12-2005     52.950     52.950     52.950     52.950           0
Fri 09-09-2005     52.168     52.168     52.168     52.168           0
Thu 09-08-2005     50.917     50.917     50.917     50.917           0
Wed 09-07-2005     50.480     50.480     50.480     50.480           0
Tue 09-06-2005     50.265     50.265     50.265     50.265           0
Fri 09-02-2005     48.236     48.236     48.236     48.236           0
Thu 09-01-2005     48.797     48.797     48.797     48.797           0
Wed 08-31-2005     48.504     48.504     48.504     48.504           0
Tue 08-30-2005     46.807     46.807     46.807     46.807           0
Mon 08-29-2005     47.563     47.563     47.563     47.563           0
Fri 08-26-2005     46.233     46.233     46.233     46.233           0
Thu 08-25-2005     48.039     48.039     48.039     48.039           0
Wed 08-24-2005     47.535     47.535     47.535     47.535           0
Tue 08-23-2005     47.271     47.271     47.271     47.271           0
Mon 08-22-2005     47.279     47.279     47.279     47.279           0
Fri 08-19-2005     47.303     47.303     47.303     47.303           0
Thu 08-18-2005     47.410     47.410     47.410     47.410           0
Wed 08-17-2005     47.959     47.959     47.959     47.959           0
Tue 08-16-2005     47.354     47.354     47.354     47.354           0
Mon 08-15-2005     50.116     50.116     50.116     50.116           0
Fri 08-12-2005     49.208     49.208     49.208     49.208           0
Thu 08-11-2005     50.163     50.163     50.163     50.163           0
Wed 08-10-2005     49.298     49.298     49.298     49.298           0
Tue 08-09-2005     49.977     49.977     49.977     49.977           0
Mon 08-08-2005     50.325     50.325     50.325     50.325           0
Fri 08-05-2005     51.000     51.000     51.000     51.000           0
Thu 08-04-2005     52.306     52.306     52.306     52.306           0
Wed 08-03-2005     54.104     54.104     54.104     54.104           0
Tue 08-02-2005     54.843     54.843     54.843     54.843           0
Mon 08-01-2005     54.031     54.031     54.031     54.031           0
Fri 07-29-2005     53.748     53.748     53.748     53.748           0
Thu 07-28-2005     53.901     53.901     53.901     53.901           0
Wed 07-27-2005     53.235     53.235     53.235     53.235           0
Tue 07-26-2005     53.069     53.069     53.069     53.069           0
Mon 07-25-2005     52.686     52.686     52.686     52.686           0
Fri 07-22-2005     53.234     53.234     53.234     53.234           0
Thu 07-21-2005     52.128     52.128     52.128     52.128           0
Wed 07-20-2005     53.126     53.126     53.126     53.126           0
Tue 07-19-2005     51.249     51.249     51.249     51.249           0
Mon 07-18-2005     49.559     49.559     49.559     49.559           0
Fri 07-15-2005     50.926     50.926     50.926     50.926           0
Thu 07-14-2005     50.651     50.651     50.651     50.651           0
Wed 07-13-2005     51.494     51.494     51.494     51.494           0
Tue 07-12-2005     51.453     51.453     51.453     51.453           0
Mon 07-11-2005     50.561     50.561     50.561     50.561           0
Fri 07-08-2005     48.943     48.943     48.943     48.943           0
Thu 07-07-2005     45.442     45.442     45.442     45.442           0
Wed 07-06-2005     45.661     45.661     45.661     45.661           0
Tue 07-05-2005     46.001     46.001     46.001     46.001           0
Fri 07-01-2005     44.670     44.670     44.670     44.670           0
Thu 06-30-2005     44.021     44.021     44.021     44.021           0
Wed 06-29-2005     44.738     44.738     44.738     44.738           0
Tue 06-28-2005     45.416     45.416     45.416     45.416           0
Mon 06-27-2005     41.949     41.949     41.949     41.949           0
Fri 06-24-2005     42.593     42.593     42.593     42.593           0
Thu 06-23-2005     43.432     43.432     43.432     43.432           0
Wed 06-22-2005     45.627     45.627     45.627     45.627           0
Tue 06-21-2005     45.710     45.710     45.710     45.710           0
Mon 06-20-2005     45.993     45.993     45.993     45.993           0
Fri 06-17-2005     46.347     46.347     46.347     46.347           0
Thu 06-16-2005     46.004     46.004     46.004     46.004           0
Wed 06-15-2005     44.646     44.646     44.646     44.646           0
Tue 06-14-2005     44.024     44.024     44.024     44.024           0
Mon 06-13-2005     43.067     43.067     43.067     43.067           0
Fri 06-10-2005     42.913     42.913     42.913     42.913           0
Thu 06-09-2005     42.829     42.829     42.829     42.829           0
Wed 06-08-2005     41.468     41.468     41.468     41.468           0
Tue 06-07-2005     42.429     42.429     42.429     42.429           0
Mon 06-06-2005     42.364     42.364     42.364     42.364           0
Fri 06-03-2005     42.251     42.251     42.251     42.251           0
Thu 06-02-2005     42.815     42.815     42.815     42.815           0
Wed 06-01-2005     42.795     42.795     42.795     42.795           0
Tue 05-31-2005     41.735     41.735     41.735     41.735           0
Fri 05-27-2005     41.562     41.562     41.562     41.562           0
Thu 05-26-2005     40.725     40.725     40.725     40.725           0
Wed 05-25-2005     39.049     39.049     39.049     39.049           0
Tue 05-24-2005     40.591     40.591     40.591     40.591           0
Mon 05-23-2005     40.342     40.342     40.342     40.342           0
Fri 05-20-2005     39.877     39.877     39.877     39.877           0
Thu 05-19-2005     39.545     39.545     39.545     39.545           0
Wed 05-18-2005     38.855     38.855     38.855     38.855           0
Tue 05-17-2005     36.256     36.256     36.256     36.256           0
Mon 05-16-2005     35.261     35.261     35.261     35.261           0
Fri 05-13-2005     35.094     35.094     35.094     35.094           0
Thu 05-12-2005     35.035     35.035     35.035     35.035           0
Wed 05-11-2005     36.381     36.381     36.381     36.381           0
Tue 05-10-2005     36.445     36.445     36.445     36.445           0
Mon 05-09-2005     37.839     37.839     37.839     37.839           0
Fri 05-06-2005     36.440     36.440     36.440     36.440           0
Thu 05-05-2005     35.644     35.644     35.644     35.644           0
Wed 05-04-2005     35.140     35.140     35.140     35.140           0
Tue 05-03-2005     33.771     33.771     33.771     33.771           0
Mon 05-02-2005     33.396     33.396     33.396     33.396           0
Fri 04-29-2005     32.990     32.990     32.990     32.990           0
Thu 04-28-2005     32.336     32.336     32.336     32.336           0
Wed 04-27-2005     34.853     34.853     34.853     34.853           0
Tue 04-26-2005     35.002     35.002     35.002     35.002           0
Mon 04-25-2005     37.015     37.015     37.015     37.015           0
Fri 04-22-2005     35.378     35.378     35.378     35.378           0
Thu 04-21-2005     37.167     37.167     37.167     37.167           0
Wed 04-20-2005     34.410     34.410     34.410     34.410           0
Tue 04-19-2005     35.952     35.952     35.952     35.952           0
Mon 04-18-2005     33.549     33.549     33.549     33.549           0
Fri 04-15-2005     33.653     33.653     33.653     33.653           0
Thu 04-14-2005     36.459     36.459     36.459     36.459           0
Wed 04-13-2005     39.208     39.208     39.208     39.208           0
Tue 04-12-2005     41.094     41.094     41.094     41.094           0
Mon 04-11-2005     41.946     41.946     41.946     41.946           0
Fri 04-08-2005     43.719     43.719     43.719     43.719           0
Thu 04-07-2005     43.795     43.795     43.795     43.795           0
Wed 04-06-2005     42.679     42.679     42.679     42.679           0
Tue 04-05-2005     42.363     42.363     42.363     42.363           0
Mon 04-04-2005     42.058     42.058     42.058     42.058           0
Fri 04-01-2005     42.213     42.213     42.213     42.213           0
Thu 03-31-2005     43.546     43.546     43.546     43.546           0
Wed 03-30-2005     44.296     44.296     44.296     44.296           0
Tue 03-29-2005     41.467     41.467     41.467     41.467           0
Mon 03-28-2005     43.761     43.761     43.761     43.761           0
Thu 03-24-2005     44.132     44.132     44.132     44.132           0
Wed 03-23-2005     43.415     43.415     43.415     43.415           0
Tue 03-22-2005     44.596     44.596     44.596     44.596           0
Mon 03-21-2005     45.157     45.157     45.157     45.157           0
Fri 03-18-2005     45.542     45.542     45.542     45.542           0
Thu 03-17-2005     46.026     46.026     46.026     46.026           0
Wed 03-16-2005     46.164     46.164     46.164     46.164           0
Tue 03-15-2005     46.707     46.707     46.707     46.707           0
Mon 03-14-2005     47.148     47.148     47.148     47.148           0
Fri 03-11-2005     46.989     46.989     46.989     46.989           0
Thu 03-10-2005     47.681     47.681     47.681     47.681           0
Wed 03-09-2005     47.737     47.737     47.737     47.737           0
Tue 03-08-2005     49.413     49.413     49.413     49.413           0
Mon 03-07-2005     50.263     50.263     50.263     50.263           0
Fri 03-04-2005     49.978     49.978     49.978     49.978           0
Thu 03-03-2005     50.196     50.196     50.196     50.196           0
Wed 03-02-2005     50.109     50.109     50.109     50.109           0
Tue 03-01-2005     50.327     50.327     50.327     50.327           0
Mon 02-28-2005     49.409     49.409     49.409     49.409           0
Fri 02-25-2005     49.867     49.867     49.867     49.867           0
Thu 02-24-2005     49.114     49.114     49.114     49.114           0
Wed 02-23-2005     48.689     48.689     48.689     48.689           0
Tue 02-22-2005     48.140     48.140     48.140     48.140           0
Fri 02-18-2005     50.513     50.513     50.513     50.513           0
Thu 02-17-2005     51.028     51.028     51.028     51.028           0
Wed 02-16-2005     52.641     52.641     52.641     52.641           0
Tue 02-15-2005     52.655     52.655     52.655     52.655           0
Mon 02-14-2005     52.755     52.755     52.755     52.755           0
Fri 02-11-2005     52.587     52.587     52.587     52.587           0
Thu 02-10-2005     50.270     50.270     50.270     50.270           0
Wed 02-09-2005     50.450     50.450     50.450     50.450           0
Tue 02-08-2005     53.195     53.195     53.195     53.195           0
Mon 02-07-2005     52.870     52.870     52.870     52.870           0
Fri 02-04-2005     52.355     52.355     52.355     52.355           0
Thu 02-03-2005     50.965     50.965     50.965     50.965           0
Wed 02-02-2005     51.280     51.280     51.280     51.280           0
Tue 02-01-2005     50.604     50.604     50.604     50.604           0
Mon 01-31-2005     49.933     49.933     49.933     49.933           0
Fri 01-28-2005     46.548     46.548     46.548     46.548           0
Thu 01-27-2005     46.868     46.868     46.868     46.868           0
Wed 01-26-2005     46.823     46.823     46.823     46.823           0
Tue 01-25-2005     45.494     45.494     45.494     45.494           0
Mon 01-24-2005     44.711     44.711     44.711     44.711           0
Fri 01-21-2005     46.652     46.652     46.652     46.652           0
Thu 01-20-2005     47.049     47.049     47.049     47.049           0
Wed 01-19-2005     48.626     48.626     48.626     48.626           0
Tue 01-18-2005     50.587     50.587     50.587     50.587           0
Fri 01-14-2005     48.552     48.552     48.552     48.552           0
Thu 01-13-2005     47.054     47.054     47.054     47.054           0
Wed 01-12-2005     48.070     48.070     48.070     48.070           0
Tue 01-11-2005     46.695     46.695     46.695     46.695           0
Mon 01-10-2005     49.529     49.529     49.529     49.529           0
Fri 01-07-2005     48.975     48.975     48.975     48.975           0
Thu 01-06-2005     49.702     49.702     49.702     49.702           0
Wed 01-05-2005     50.064     50.064     50.064     50.064           0
Tue 01-04-2005     51.461     51.461     51.461     51.461           0
Mon 01-03-2005     54.650     54.650     54.650     54.650           0
Fri 12-31-2004     55.795     55.795     55.795     55.795           0
Thu 12-30-2004     55.132     55.132     55.132     55.132           0
Wed 12-29-2004     55.129     55.129     55.129     55.129           0
Tue 12-28-2004     54.828     54.828     54.828     54.828           0
Mon 12-27-2004     53.543     53.543     53.543     53.543           0
Thu 12-23-2004     53.602     53.602     53.602     53.602           0
Wed 12-22-2004     52.699     52.699     52.699     52.699           0
Tue 12-21-2004     51.486     51.486     51.486     51.486           0
Mon 12-20-2004     50.279     50.279     50.279     50.279           0
Fri 12-17-2004     52.297     52.297     52.297     52.297           0
Thu 12-16-2004     51.895     51.895     51.895     51.895           0
Wed 12-15-2004     52.048     52.048     52.048     52.048           0
Tue 12-14-2004     51.448     51.448     51.448     51.448           0
Mon 12-13-2004     49.957     49.957     49.957     49.957           0
Fri 12-10-2004     49.153     49.153     49.153     49.153           0
Thu 12-09-2004     48.453     48.453     48.453     48.453           0
Wed 12-08-2004     49.195     49.195     49.195     49.195           0
Tue 12-07-2004     48.470     48.470     48.470     48.470           0
Mon 12-06-2004     51.096     51.096     51.096     51.096           0
Fri 12-03-2004     50.725     50.725     50.725     50.725           0
Thu 12-02-2004     50.176     50.176     50.176     50.176           0
Wed 12-01-2004     49.403     49.403     49.403     49.403           0
Tue 11-30-2004     47.719     47.719     47.719     47.719           0
Mon 11-29-2004     48.043     48.043     48.043     48.043           0
Fri 11-26-2004     46.885     46.885     46.885     46.885           0
Wed 11-24-2004     46.968     46.968     46.968     46.968           0
Tue 11-23-2004     45.962     45.962     45.962     45.962           0
Mon 11-22-2004     45.484     45.484     45.484     45.484           0
Fri 11-19-2004     44.790     44.790     44.790     44.790           0
Thu 11-18-2004     45.638     45.638     45.638     45.638           0
Wed 11-17-2004     46.420     46.420     46.420     46.420           0
Tue 11-16-2004     44.569     44.569     44.569     44.569           0
Mon 11-15-2004     44.659     44.659     44.659     44.659           0
Fri 11-12-2004     43.513     43.513     43.513     43.513           0
Thu 11-11-2004     43.014     43.014     43.014     43.014           0
Wed 11-10-2004     41.715     41.715     41.715     41.715           0
Tue 11-09-2004     41.951     41.951     41.951     41.951           0
Mon 11-08-2004     40.929     40.929     40.929     40.929           0
Fri 11-05-2004     40.474     40.474     40.474     40.474           0
Thu 11-04-2004     39.536     39.536     39.536     39.536           0
Wed 11-03-2004     38.438     38.438     38.438     38.438           0
Tue 11-02-2004     36.564     36.564     36.564     36.564           0
Mon 11-01-2004     36.620     36.620     36.620     36.620           0
Fri 10-29-2004     36.763     36.763     36.763     36.763           0
Thu 10-28-2004     36.295     36.295     36.295     36.295           0
Wed 10-27-2004     35.895     35.895     35.895     35.895           0
Tue 10-26-2004     33.975     33.975     33.975     33.975           0
Mon 10-25-2004     33.047     33.047     33.047     33.047           0
Fri 10-22-2004     32.343     32.343     32.343     32.343           0
Thu 10-21-2004     33.704     33.704     33.704     33.704           0
Wed 10-20-2004     32.877     32.877     32.877     32.877           0
Tue 10-19-2004     32.556     32.556     32.556     32.556           0
Mon 10-18-2004     32.993     32.993     32.993     32.993           0
Fri 10-15-2004     31.916     31.916     31.916     31.916           0
Thu 10-14-2004     31.499     31.499     31.499     31.499           0
Wed 10-13-2004     32.172     32.172     32.172     32.172           0
Tue 10-12-2004     33.573     33.573     33.573     33.573           0
Mon 10-11-2004     33.624     33.624     33.624     33.624           0
Fri 10-08-2004     33.587     33.587     33.587     33.587           0
Thu 10-07-2004     34.882     34.882     34.882     34.882           0
Wed 10-06-2004     36.888     36.888     36.888     36.888           0
Tue 10-05-2004     35.411     35.411     35.411     35.411           0
Mon 10-04-2004     35.472     35.472     35.472     35.472           0
Fri 10-01-2004     33.887     33.887     33.887     33.887           0
Thu 09-30-2004     31.538     31.538     31.538     31.538           0
Wed 09-29-2004     30.891     30.891     30.891     30.891           0
Tue 09-28-2004     29.530     29.530     29.530     29.530           0
Mon 09-27-2004     28.678     28.678     28.678     28.678           0
Fri 09-24-2004     30.456     30.456     30.456     30.456           0
Thu 09-23-2004     30.332     30.332     30.332     30.332           0
Wed 09-22-2004     30.309     30.309     30.309     30.309           0
Tue 09-21-2004     32.090     32.090     32.090     32.090           0
Mon 09-20-2004     31.351     31.351     31.351     31.351           0
Fri 09-17-2004     31.334     31.334     31.334     31.334           0
Thu 09-16-2004     30.685     30.685     30.685     30.685           0
Wed 09-15-2004     29.674     29.674     29.674     29.674           0
Tue 09-14-2004     30.557     30.557     30.557     30.557           0
Mon 09-13-2004     29.880     29.880     29.880     29.880           0
Fri 09-10-2004     28.297     28.297     28.297     28.297           0
Thu 09-09-2004     27.539     27.539     27.539     27.539           0
Wed 09-08-2004     26.810     26.810     26.810     26.810           0
Tue 09-07-2004     27.681     27.681     27.681     27.681           0
Fri 09-03-2004     26.483     26.483     26.483     26.483           0
Thu 09-02-2004     26.743     26.743     26.743     26.743           0
Wed 09-01-2004     25.229     25.229     25.229     25.229           0
Tue 08-31-2004     24.920     24.920     24.920     24.920           0
Mon 08-30-2004     23.998     23.998     23.998     23.998           0
Fri 08-27-2004     25.013     25.013     25.013     25.013           0
Thu 08-26-2004     24.366     24.366     24.366     24.366           0
Wed 08-25-2004     24.737     24.737     24.737     24.737           0
Tue 08-24-2004     24.265     24.265     24.265     24.265           0
Mon 08-23-2004     24.019     24.019     24.019     24.019           0
Fri 08-20-2004     24.224     24.224     24.224     24.224           0
Thu 08-19-2004     23.157     23.157     23.157     23.157           0
Wed 08-18-2004     23.903     23.903     23.903     23.903           0
Tue 08-17-2004     21.931     21.931     21.931     21.931           0
Mon 08-16-2004     21.319     21.319     21.319     21.319           0
Fri 08-13-2004     19.990     19.990     19.990     19.990           0
Thu 08-12-2004     20.519     20.519     20.519     20.519           0
Wed 08-11-2004     20.886     20.886     20.886     20.886           0
Tue 08-10-2004     21.865     21.865     21.865     21.865           0
Mon 08-09-2004     20.143     20.143     20.143     20.143           0
Fri 08-06-2004     20.690     20.690     20.690     20.690           0
Thu 08-05-2004     23.398     23.398     23.398     23.398           0
Wed 08-04-2004     25.377     25.377     25.377     25.377           0
Tue 08-03-2004     25.816     25.816     25.816     25.816           0
Mon 08-02-2004     27.936     27.936     27.936     27.936           0
Fri 07-30-2004     28.112     28.112     28.112     28.112           0
Thu 07-29-2004     27.050     27.050     27.050     27.050           0
Wed 07-28-2004     26.169     26.169     26.169     26.169           0
Tue 07-27-2004     27.427     27.427     27.427     27.427           0
Mon 07-26-2004     25.930     25.930     25.930     25.930           0
Fri 07-23-2004     27.303     27.303     27.303     27.303           0
Thu 07-22-2004     28.469     28.469     28.469     28.469           0
Wed 07-21-2004     29.333     29.333     29.333     29.333           0
Tue 07-20-2004     32.286     32.286     32.286     32.286           0
Mon 07-19-2004     30.762     30.762     30.762     30.762           0
Fri 07-16-2004     32.133     32.133     32.133     32.133           0
Thu 07-15-2004     33.507     33.507     33.507     33.507           0
Wed 07-14-2004     33.714     33.714     33.714     33.714           0
Tue 07-13-2004     34.836     34.836     34.836     34.836           0
Mon 07-12-2004     35.107     35.107     35.107     35.107           0
Fri 07-09-2004     36.307     36.307     36.307     36.307           0
Thu 07-08-2004     35.745     35.745     35.745     35.745           0
Wed 07-07-2004     37.464     37.464     37.464     37.464           0
Tue 07-06-2004     38.637     38.637     38.637     38.637           0
Fri 07-02-2004     40.668     40.668     40.668     40.668           0
Thu 07-01-2004     41.258     41.258     41.258     41.258           0
Wed 06-30-2004     43.163     43.163     43.163     43.163           0
Tue 06-29-2004     42.158     42.158     42.158     42.158           0
Mon 06-28-2004     41.452     41.452     41.452     41.452           0
Fri 06-25-2004     42.029     42.029     42.029     42.029           0
Thu 06-24-2004     41.254     41.254     41.254     41.254           0
Wed 06-23-2004     40.880     40.880     40.880     40.880           0
Tue 06-22-2004     39.352     39.352     39.352     39.352           0
Mon 06-21-2004     38.829     38.829     38.829     38.829           0
Fri 06-18-2004     40.237     40.237     40.237     40.237           0
Thu 06-17-2004     40.030     40.030     40.030     40.030           0
Wed 06-16-2004     41.241     41.241     41.241     41.241           0
Tue 06-15-2004     40.456     40.456     40.456     40.456           0
Mon 06-14-2004     38.817     38.817     38.817     38.817           0
Thu 06-10-2004     41.592     41.592     41.592     41.592           0
Wed 06-09-2004     41.480     41.480     41.480     41.480           0
Tue 06-08-2004     43.098     43.098     43.098     43.098           0
Mon 06-07-2004     44.231     44.231     44.231     44.231           0
Fri 06-04-2004     42.512     42.512     42.512     42.512           0
Thu 06-03-2004     41.217     41.217     41.217     41.217           0
Wed 06-02-2004     43.580     43.580     43.580     43.580           0
Tue 06-01-2004     43.981     43.981     43.981     43.981           0
Fri 05-28-2004     43.579     43.579     43.579     43.579           0
Thu 05-27-2004     43.532     43.532     43.532     43.532           0
Wed 05-26-2004     42.985     42.985     42.985     42.985           0
Tue 05-25-2004     42.170     42.170     42.170     42.170           0
Mon 05-24-2004     40.094     40.094     40.094     40.094           0
Fri 05-21-2004     38.651     38.651     38.651     38.651           0
Thu 05-20-2004     37.875     37.875     37.875     37.875           0
Wed 05-19-2004     39.063     39.063     39.063     39.063           0
Tue 05-18-2004     38.674     38.674     38.674     38.674           0
Mon 05-17-2004     38.036     38.036     38.036     38.036           0
Fri 05-14-2004     40.763     40.763     40.763     40.763           0
Thu 05-13-2004     42.120     42.120     42.120     42.120           0
Wed 05-12-2004     42.863     42.863     42.863     42.863           0
Tue 05-11-2004     43.577     43.577     43.577     43.577           0
Mon 05-10-2004     41.582     41.582     41.582     41.582           0
Fri 05-07-2004     45.547     45.547     45.547     45.547           0
Thu 05-06-2004     47.774     47.774     47.774     47.774           0
Wed 05-05-2004     48.818     48.818     48.818     48.818           0
Tue 05-04-2004     48.592     48.592     48.592     48.592           0
Mon 05-03-2004     48.130     48.130     48.130     48.130           0
Fri 04-30-2004     47.877     47.877     47.877     47.877           0
Thu 04-29-2004     50.582     50.582     50.582     50.582           0
Wed 04-28-2004     53.568     53.568     53.568     53.568           0
Tue 04-27-2004     57.629     57.629     57.629     57.629           0
Mon 04-26-2004     58.813     58.813     58.813     58.813           0
Fri 04-23-2004     60.117     60.117     60.117     60.117           0
Thu 04-22-2004     60.126     60.126     60.126     60.126           0
Wed 04-21-2004     58.506     58.506     58.506     58.506           0
Tue 04-20-2004     57.424     57.424     57.424     57.424           0
Mon 04-19-2004     59.750     59.750     59.750     59.750           0
Fri 04-16-2004     59.095     59.095     59.095     59.095           0
Thu 04-15-2004     60.153     60.153     60.153     60.153           0
Wed 04-14-2004     61.597     61.597     61.597     61.597           0
Tue 04-13-2004     62.228     62.228     62.228     62.228           0
Mon 04-12-2004     65.023     65.023     65.023     65.023           0
Thu 04-08-2004     64.818     64.818     64.818     64.818           0
Wed 04-07-2004     64.383     64.383     64.383     64.383           0
Tue 04-06-2004     64.379     64.379     64.379     64.379           0
Mon 04-05-2004     66.095     66.095     66.095     66.095           0
Fri 04-02-2004     65.100     65.100     65.100     65.100           0
Thu 04-01-2004     63.284     63.284     63.284     63.284           0
Wed 03-31-2004     62.534     62.534     62.534     62.534           0
Tue 03-30-2004     62.784     62.784     62.784     62.784           0
Mon 03-29-2004     61.692     61.692     61.692     61.692           0
Fri 03-26-2004     60.363     60.363     60.363     60.363           0
Thu 03-25-2004     59.493     59.493     59.493     59.493           0
Wed 03-24-2004     56.304     56.304     56.304     56.304           0
Tue 03-23-2004     57.149     57.149     57.149     57.149           0
Mon 03-22-2004     57.104     57.104     57.104     57.104           0
Fri 03-19-2004     62.004     62.004     62.004     62.004           0
Thu 03-18-2004     62.618     62.618     62.618     62.618           0
Wed 03-17-2004     63.902     63.902     63.902     63.902           0
Tue 03-16-2004     61.745     61.745     61.745     61.745           0
Mon 03-15-2004     62.456     62.456     62.456     62.456           0
Fri 03-12-2004     66.038     66.038     66.038     66.038           0
Thu 03-11-2004     63.272     63.272     63.272     63.272           0
Wed 03-10-2004     65.668     65.668     65.668     65.668           0
Tue 03-09-2004     68.651     68.651     68.651     68.651           0
Mon 03-08-2004     70.780     70.780     70.780     70.780           0
Fri 03-05-2004     72.327     72.327     72.327     72.327           0
Thu 03-04-2004     72.129     72.129     72.129     72.129           0
Wed 03-03-2004     71.511     71.511     71.511     71.511           0
Tue 03-02-2004     71.004     71.004     71.004     71.004           0
Mon 03-01-2004     71.561     71.561     71.561     71.561           0
Fri 02-27-2004     70.523     70.523     70.523     70.523           0
Thu 02-26-2004     70.164     70.164     70.164     70.164           0
Wed 02-25-2004     69.425     69.425     69.425     69.425           0
Tue 02-24-2004     68.599     68.599     68.599     68.599           0
Mon 02-23-2004     69.062     69.062     69.062     69.062           0
Fri 02-20-2004     72.068     72.068     72.068     72.068           0
Thu 02-19-2004     73.090     73.090     73.090     73.090           0
Wed 02-18-2004     74.144     74.144     74.144     74.144           0
Tue 02-17-2004     75.296     75.296     75.296     75.296           0
Fri 02-13-2004     74.442     74.442     74.442     74.442           0
Thu 02-12-2004     75.349     75.349     75.349     75.349           0
Wed 02-11-2004     75.925     75.925     75.925     75.925           0
Tue 02-10-2004     75.709     75.709     75.709     75.709           0
Mon 02-09-2004     75.360     75.360     75.360     75.360           0
Fri 02-06-2004     75.327     75.327     75.327     75.327           0
Thu 02-05-2004     73.915     73.915     73.915     73.915           0
Wed 02-04-2004     73.426     73.426     73.426     73.426           0
Tue 02-03-2004     76.176     76.176     76.176     76.176           0
Mon 02-02-2004     77.130     77.130     77.130     77.130           0
Fri 01-30-2004     77.851     77.851     77.851     77.851           0
Thu 01-29-2004     77.078     77.078     77.078     77.078           0
Wed 01-28-2004     78.800     78.800     78.800     78.800           0
Tue 01-27-2004     79.580     79.580     79.580     79.580           0
Mon 01-26-2004     80.134     80.134     80.134     80.134           0
Fri 01-23-2004     79.332     79.332     79.332     79.332           0
Thu 01-22-2004     79.233     79.233     79.233     79.233           0
Wed 01-21-2004     79.581     79.581     79.581     79.581           0
Tue 01-20-2004     79.689     79.689     79.689     79.689           0
Fri 01-16-2004     78.719     78.719     78.719     78.719           0
Thu 01-15-2004     78.631     78.631     78.631     78.631           0
Wed 01-14-2004     79.367     79.367     79.367     79.367           0
Tue 01-13-2004     78.702     78.702     78.702     78.702           0
Mon 01-12-2004     78.804     78.804     78.804     78.804           0
Fri 01-09-2004     78.514     78.514     78.514     78.514           0
Thu 01-08-2004     78.224     78.224     78.224     78.224           0
Wed 01-07-2004     77.826     77.826     77.826     77.826           0
Tue 01-06-2004     76.879     76.879     76.879     76.879           0
Mon 01-05-2004     76.163     76.163     76.163     76.163           0
Fri 01-02-2004     74.623     74.623     74.623     74.623           0
Wed 12-31-2003     73.237     73.237     73.237     73.237           0
Tue 12-30-2003     73.689     73.689     73.689     73.689           0
Mon 12-29-2003     73.314     73.314     73.314     73.314           0
Fri 12-26-2003     72.966     72.966     72.966     72.966           0
Wed 12-24-2003     72.824     72.824     72.824     72.824           0
Tue 12-23-2003     72.998     72.998     72.998     72.998           0
Mon 12-22-2003     72.727     72.727     72.727     72.727           0
Fri 12-19-2003     72.465     72.465     72.465     72.465           0
Thu 12-18-2003     72.998     72.998     72.998     72.998           0
Wed 12-17-2003     72.359     72.359     72.359     72.359           0
Tue 12-16-2003     72.359     72.359     72.359     72.359           0
Mon 12-15-2003     72.732     72.732     72.732     72.732           0
Fri 12-12-2003     74.566     74.566     74.566     74.566           0
Thu 12-11-2003     74.228     74.228     74.228     74.228           0
Wed 12-10-2003     72.846     72.846     72.846     72.846           0
Tue 12-09-2003     74.181     74.181     74.181     74.181           0
Mon 12-08-2003     75.181     75.181     75.181     75.181           0
Fri 12-05-2003     75.577     75.577     75.577     75.577           0
Thu 12-04-2003     76.165     76.165     76.165     76.165           0
Wed 12-03-2003     76.644     76.644     76.644     76.644           0
Tue 12-02-2003     76.673     76.673     76.673     76.673           0
Mon 12-01-2003     77.972     77.972     77.972     77.972           0
Fri 11-28-2003     77.114     77.114     77.114     77.114           0
Wed 11-26-2003     76.819     76.819     76.819     76.819           0
Tue 11-25-2003     76.816     76.816     76.816     76.816           0
Mon 11-24-2003     76.694     76.694     76.694     76.694           0
Fri 11-21-2003     75.387     75.387     75.387     75.387           0
Thu 11-20-2003     76.140     76.140     76.140     76.140           0
Wed 11-19-2003     76.545     76.545     76.545     76.545           0
Tue 11-18-2003     76.732     76.732     76.732     76.732           0
Mon 11-17-2003     77.696     77.696     77.696     77.696           0
Fri 11-14-2003     78.872     78.872     78.872     78.872           0
Thu 11-13-2003     80.148     80.148     80.148     80.148           0
Wed 11-12-2003     79.841     79.841     79.841     79.841           0
Tue 11-11-2003     79.031     79.031     79.031     79.031           0
Mon 11-10-2003     79.196     79.196     79.196     79.196           0
Fri 11-07-2003     80.100     80.100     80.100     80.100           0
Thu 11-06-2003     80.221     80.221     80.221     80.221           0
Wed 11-05-2003     79.879     79.879     79.879     79.879           0
Tue 11-04-2003     79.980     79.980     79.980     79.980           0
Mon 11-03-2003     80.370     80.370     80.370     80.370           0
Fri 10-31-2003     80.155     80.155     80.155     80.155           0
Thu 10-30-2003     80.553     80.553     80.553     80.553           0
Wed 10-29-2003     80.440     80.440     80.440     80.440           0
Tue 10-28-2003     80.201     80.201     80.201     80.201           0
Mon 10-27-2003     79.175     79.175     79.175     79.175           0
Fri 10-24-2003     78.249     78.249     78.249     78.249           0
Thu 10-23-2003     78.655     78.655     78.655     78.655           0
Wed 10-22-2003     79.325     79.325     79.325     79.325           0
Tue 10-21-2003     81.456     81.456     81.456     81.456           0
Mon 10-20-2003     81.361     81.361     81.361     81.361           0
Fri 10-17-2003     81.109     81.109     81.109     81.109           0
Thu 10-16-2003     82.726     82.726     82.726     82.726           0
Wed 10-15-2003     81.785     81.785     81.785     81.785           0
Tue 10-14-2003     82.304     82.304     82.304     82.304           0
Mon 10-13-2003     81.852     81.852     81.852     81.852           0
Fri 10-10-2003     81.885     81.885     81.885     81.885           0
Thu 10-09-2003     81.732     81.732     81.732     81.732           0
Wed 10-08-2003     81.431     81.431     81.431     81.431           0
Tue 10-07-2003     81.289     81.289     81.289     81.289           0
Mon 10-06-2003     80.221     80.221     80.221     80.221           0
Fri 10-03-2003     79.687     79.687     79.687     79.687           0
Thu 10-02-2003     79.260     79.260     79.260     79.260           0
Wed 10-01-2003     79.627     79.627     79.627     79.627           0
Tue 09-30-2003     78.180     78.180     78.180     78.180           0
Mon 09-29-2003     79.029     79.029     79.029     79.029           0
Fri 09-26-2003     78.720     78.720     78.720     78.720           0
Thu 09-25-2003     80.659     80.659     80.659     80.659           0
Wed 09-24-2003     81.890     81.890     81.890     81.890           0
Tue 09-23-2003     83.103     83.103     83.103     83.103           0
Mon 09-22-2003     82.309     82.309     82.309     82.309           0
Fri 09-19-2003     82.883     82.883     82.883     82.883           0
Thu 09-18-2003     82.851     82.851     82.851     82.851           0
Wed 09-17-2003     82.573     82.573     82.573     82.573           0
Tue 09-16-2003     82.645     82.645     82.645     82.645           0
Mon 09-15-2003     81.833     81.833     81.833     81.833           0
Fri 09-12-2003     82.011     82.011     82.011     82.011           0
Thu 09-11-2003     81.849     81.849     81.849     81.849           0
Wed 09-10-2003     81.261     81.261     81.261     81.261           0
Tue 09-09-2003     81.922     81.922     81.922     81.922           0
Mon 09-08-2003     81.766     81.766     81.766     81.766           0
Fri 09-05-2003     81.243     81.243     81.243     81.243           0
Thu 09-04-2003     80.905     80.905     80.905     80.905           0
Wed 09-03-2003     80.543     80.543     80.543     80.543           0
Tue 09-02-2003     79.583     79.583     79.583     79.583           0
Fri 08-29-2003     78.661     78.661     78.661     78.661           0
Thu 08-28-2003     78.819     78.819     78.819     78.819           0
Wed 08-27-2003     78.635     78.635     78.635     78.635           0
Tue 08-26-2003     77.493     77.493     77.493     77.493           0
Mon 08-25-2003     77.539     77.539     77.539     77.539           0
Fri 08-22-2003     77.660     77.660     77.660     77.660           0
Thu 08-21-2003     78.487     78.487     78.487     78.487           0
Wed 08-20-2003     77.745     77.745     77.745     77.745           0
Tue 08-19-2003     77.168     77.168     77.168     77.168           0
Mon 08-18-2003     76.647     76.647     76.647     76.647           0
Fri 08-15-2003     75.688     75.688     75.688     75.688           0
Thu 08-14-2003     75.872     75.872     75.872     75.872           0
Wed 08-13-2003     75.914     75.914     75.914     75.914           0
Tue 08-12-2003     75.634     75.634     75.634     75.634           0
Mon 08-11-2003     74.971     74.971     74.971     74.971           0
Fri 08-08-2003     74.223     74.223     74.223     74.223           0
Thu 08-07-2003     74.168     74.168     74.168     74.168           0
Wed 08-06-2003     74.449     74.449     74.449     74.449           0
Tue 08-05-2003     75.419     75.419     75.419     75.419           0
Mon 08-04-2003     77.425     77.425     77.425     77.425           0
Fri 08-01-2003     77.403     77.403     77.403     77.403           0
Thu 07-31-2003     78.551     78.551     78.551     78.551           0
Wed 07-30-2003     77.710     77.710     77.710     77.710           0
Tue 07-29-2003     78.439     78.439     78.439     78.439           0
Mon 07-28-2003     79.155     79.155     79.155     79.155           0
Fri 07-25-2003     78.826     78.826     78.826     78.826           0
Thu 07-24-2003     78.481     78.481     78.481     78.481           0
Wed 07-23-2003     78.878     78.878     78.878     78.878           0
Tue 07-22-2003     78.607     78.607     78.607     78.607           0
Mon 07-21-2003     78.342     78.342     78.342     78.342           0
Fri 07-18-2003     78.875     78.875     78.875     78.875           0
Thu 07-17-2003     78.858     78.858     78.858     78.858           0
Wed 07-16-2003     80.911     80.911     80.911     80.911           0
Tue 07-15-2003     81.336     81.336     81.336     81.336           0
Mon 07-14-2003     82.599     82.599     82.599     82.599           0
Fri 07-11-2003     81.722     81.722     81.722     81.722           0
Thu 07-10-2003     80.934     80.934     80.934     80.934           0
Wed 07-09-2003     81.727     81.727     81.727     81.727           0
Tue 07-08-2003     80.518     80.518     80.518     80.518           0
Mon 07-07-2003     78.815     78.815     78.815     78.815           0
Thu 07-03-2003     77.835     77.835     77.835     77.835           0
Wed 07-02-2003     77.697     77.697     77.697     77.697           0
Tue 07-01-2003     76.451     76.451     76.451     76.451           0
Mon 06-30-2003     76.167     76.167     76.167     76.167           0
Fri 06-27-2003     76.467     76.467     76.467     76.467           0
Thu 06-26-2003     77.357     77.357     77.357     77.357           0
Wed 06-25-2003     75.850     75.850     75.850     75.850           0
Tue 06-24-2003     75.381     75.381     75.381     75.381           0
Mon 06-23-2003     75.883     75.883     75.883     75.883           0
Fri 06-20-2003     77.678     77.678     77.678     77.678           0
Thu 06-19-2003     77.634     77.634     77.634     77.634           0
Wed 06-18-2003     78.268     78.268     78.268     78.268           0
Tue 06-17-2003     78.271     78.271     78.271     78.271           0
Mon 06-16-2003     77.708     77.708     77.708     77.708           0
Fri 06-13-2003     76.892     76.892     76.892     76.892           0
Thu 06-12-2003     77.670     77.670     77.670     77.670           0
Wed 06-11-2003     77.720     77.720     77.720     77.720           0
Tue 06-10-2003     76.626     76.626     76.626     76.626           0
Mon 06-09-2003     75.938     75.938     75.938     75.938           0
Fri 06-06-2003     77.663     77.663     77.663     77.663           0
Thu 06-05-2003     77.727     77.727     77.727     77.727           0
Wed 06-04-2003     76.207     76.207     76.207     76.207           0
Tue 06-03-2003     74.339     74.339     74.339     74.339           0
Mon 06-02-2003     74.094     74.094     74.094     74.094           0
Fri 05-30-2003     73.149     73.149     73.149     73.149           0
Thu 05-29-2003     71.479     71.479     71.479     71.479           0
Wed 05-28-2003     70.725     70.725     70.725     70.725           0
Tue 05-27-2003     69.479     69.479     69.479     69.479           0
Fri 05-23-2003     67.889     67.889     67.889     67.889           0
Thu 05-22-2003     66.466     66.466     66.466     66.466           0
Wed 05-21-2003     65.454     65.454     65.454     65.454           0
Tue 05-20-2003     65.115     65.115     65.115     65.115           0
Mon 05-19-2003     65.338     65.338     65.338     65.338           0
Fri 05-16-2003     68.315     68.315     68.315     68.315           0
Thu 05-15-2003     69.164     69.164     69.164     69.164           0
Wed 05-14-2003     68.418     68.418     68.418     68.418           0
Tue 05-13-2003     67.719     67.719     67.719     67.719           0
Mon 05-12-2003     66.879     66.879     66.879     66.879           0
Fri 05-09-2003     65.248     65.248     65.248     65.248           0
Thu 05-08-2003     63.196     63.196     63.196     63.196           0
Wed 05-07-2003     64.182     64.182     64.182     64.182           0
Tue 05-06-2003     64.647     64.647     64.647     64.647           0
Mon 05-05-2003     64.073     64.073     64.073     64.073           0
Fri 05-02-2003     61.990     61.990     61.990     61.990           0
Thu 05-01-2003     59.484     59.484     59.484     59.484           0
Wed 04-30-2003     58.914     58.914     58.914     58.914           0
Tue 04-29-2003     57.873     57.873     57.873     57.873           0
Mon 04-28-2003     56.943     56.943     56.943     56.943           0
Fri 04-25-2003     53.238     53.238     53.238     53.238           0
Thu 04-24-2003     54.850     54.850     54.850     54.850           0
Wed 04-23-2003     54.834     54.834     54.834     54.834           0
Tue 04-22-2003     52.920     52.920     52.920     52.920           0
Mon 04-21-2003     50.183     50.183     50.183     50.183           0
Thu 04-17-2003     49.779     49.779     49.779     49.779           0
Wed 04-16-2003     46.667     46.667     46.667     46.667           0
Tue 04-15-2003     46.771     46.771     46.771     46.771           0
Mon 04-14-2003     45.638     45.638     45.638     45.638           0
Fri 04-11-2003     42.836     42.836     42.836     42.836           0
Thu 04-10-2003     43.264     43.264     43.264     43.264           0
Wed 04-09-2003     42.453     42.453     42.453     42.453           0
Tue 04-08-2003     44.144     44.144     44.144     44.144           0
Mon 04-07-2003     45.083     45.083     45.083     45.083           0
Fri 04-04-2003     42.261     42.261     42.261     42.261           0
Thu 04-03-2003     43.442     43.442     43.442     43.442           0
Wed 04-02-2003     43.290     43.290     43.290     43.290           0
Tue 04-01-2003     39.618     39.618     39.618     39.618           0
Mon 03-31-2003     38.467     38.467     38.467     38.467           0
Fri 03-28-2003     39.566     39.566     39.566     39.566           0
Thu 03-27-2003     40.310     40.310     40.310     40.310           0
Wed 03-26-2003     39.396     39.396     39.396     39.396           0
Tue 03-25-2003     40.016     40.016     40.016     40.016           0
Mon 03-24-2003     37.520     37.520     37.520     37.520           0
Fri 03-21-2003     42.384     42.384     42.384     42.384           0
Thu 03-20-2003     38.645     38.645     38.645     38.645           0
Wed 03-19-2003     38.156     38.156     38.156     38.156           0
Tue 03-18-2003     38.565     38.565     38.565     38.565           0
Mon 03-17-2003     36.485     36.485     36.485     36.485           0
Fri 03-14-2003     32.569     32.569     32.569     32.569           0
Thu 03-13-2003     32.543     32.543     32.543     32.543           0
Wed 03-12-2003     28.199     28.199     28.199     28.199           0
Tue 03-11-2003     28.437     28.437     28.437     28.437           0
Mon 03-10-2003     28.661     28.661     28.661     28.661           0
Fri 03-07-2003     30.715     30.715     30.715     30.715           0
Thu 03-06-2003     30.842     30.842     30.842     30.842           0
Wed 03-05-2003     30.751     30.751     30.751     30.751           0
Tue 03-04-2003     30.079     30.079     30.079     30.079           0
Mon 03-03-2003     30.920     30.920     30.920     30.920           0
Fri 02-28-2003     32.268     32.268     32.268     32.268           0
Thu 02-27-2003     30.258     30.258     30.258     30.258           0
Wed 02-26-2003     28.884     28.884     28.884     28.884           0
Tue 02-25-2003     29.416     29.416     29.416     29.416           0
Mon 02-24-2003     28.803     28.803     28.803     28.803           0
Fri 02-21-2003     32.485     32.485     32.485     32.485           0
Thu 02-20-2003     31.164     31.164     31.164     31.164           0
Wed 02-19-2003     30.645     30.645     30.645     30.645           0
Tue 02-18-2003     31.676     31.676     31.676     31.676           0
Fri 02-14-2003     29.695     29.695     29.695     29.695           0
Thu 02-13-2003     27.697     27.697     27.697     27.697           0
Wed 02-12-2003     27.444     27.444     27.444     27.444           0
Tue 02-11-2003     29.501     29.501     29.501     29.501           0
Mon 02-10-2003     29.616     29.616     29.616     29.616           0
Fri 02-07-2003     28.722     28.722     28.722     28.722           0
Thu 02-06-2003     30.360     30.360     30.360     30.360           0
Wed 02-05-2003     30.660     30.660     30.660     30.660           0
Tue 02-04-2003     30.402     30.402     30.402     30.402           0
Mon 02-03-2003     31.236     31.236     31.236     31.236           0
Fri 01-31-2003     31.910     31.910     31.910     31.910           0
Thu 01-30-2003     30.255     30.255     30.255     30.255           0
Wed 01-29-2003     32.558     32.558     32.558     32.558           0
Tue 01-28-2003     31.042     31.042     31.042     31.042           0
Mon 01-27-2003     28.466     28.466     28.466     28.466           0
Fri 01-24-2003     31.014     31.014     31.014     31.014           0
Thu 01-23-2003     34.359     34.359     34.359     34.359           0
Wed 01-22-2003     32.961     32.961     32.961     32.961           0
Tue 01-21-2003     33.062     33.062     33.062     33.062           0
Fri 01-17-2003     35.066     35.066     35.066     35.066           0
Thu 01-16-2003     37.070     37.070     37.070     37.070           0
Wed 01-15-2003     36.865     36.865     36.865     36.865           0
Tue 01-14-2003     38.530     38.530     38.530     38.530           0
Mon 01-13-2003     37.137     37.137     37.137     37.137           0
Fri 01-10-2003     36.310     36.310     36.310     36.310           0
Thu 01-09-2003     35.751     35.751     35.751     35.751           0
Wed 01-08-2003     32.520     32.520     32.520     32.520           0
Tue 01-07-2003     34.290     34.290     34.290     34.290           0
Mon 01-06-2003     33.828     33.828     33.828     33.828           0
Fri 01-03-2003     30.067     30.067     30.067     30.067           0
Thu 01-02-2003     29.486     29.486     29.486     29.486           0
Tue 12-31-2002     25.540     25.540     25.540     25.540           0
Mon 12-30-2002     25.701     25.701     25.701     25.701           0
Fri 12-27-2002     27.048     27.048     27.048     27.048           0
Thu 12-26-2002     28.659     28.659     28.659     28.659           0
Tue 12-24-2002     27.840     27.840     27.840     27.840           0
Mon 12-23-2002     28.487     28.487     28.487     28.487           0
Fri 12-20-2002     27.387     27.387     27.387     27.387           0
Thu 12-19-2002     26.093     26.093     26.093     26.093           0
Wed 12-18-2002     27.724     27.724     27.724     27.724           0
Tue 12-17-2002     29.223     29.223     29.223     29.223           0
Mon 12-16-2002     29.621     29.621     29.621     29.621           0
Fri 12-13-2002     28.465     28.465     28.465     28.465           0
Thu 12-12-2002     29.792     29.792     29.792     29.792           0
Wed 12-11-2002     29.821     29.821     29.821     29.821           0
Tue 12-10-2002     29.241     29.241     29.241     29.241           0
Mon 12-09-2002     27.410     27.410     27.410     27.410           0
Fri 12-06-2002     31.897     31.897     31.897     31.897           0
Thu 12-05-2002     30.367     30.367     30.367     30.367           0
Wed 12-04-2002     31.357     31.357     31.357     31.357           0
Tue 12-03-2002     33.580     33.580     33.580     33.580           0
Mon 12-02-2002     36.458     36.458     36.458     36.458           0
Fri 11-29-2002     35.905     35.905     35.905     35.905           0
Wed 11-27-2002     35.470     35.470     35.470     35.470           0
Tue 11-26-2002     31.204     31.204     31.204     31.204           0
Mon 11-25-2002     34.022     34.022     34.022     34.022           0
Fri 11-22-2002     32.024     32.024     32.024     32.024           0
Thu 11-21-2002     30.299     30.299     30.299     30.299           0
Wed 11-20-2002     27.560     27.560     27.560     27.560           0
Tue 11-19-2002     25.173     25.173     25.173     25.173           0
Mon 11-18-2002     26.191     26.191     26.191     26.191           0
Fri 11-15-2002     26.806     26.806     26.806     26.806           0
Thu 11-14-2002     26.947     26.947     26.947     26.947           0
Wed 11-13-2002     23.580     23.580     23.580     23.580           0
Tue 11-12-2002     22.799     22.799     22.799     22.799           0
Mon 11-11-2002     21.032     21.032     21.032     21.032           0
Fri 11-08-2002     23.228     23.228     23.228     23.228           0
Thu 11-07-2002     24.588     24.588     24.588     24.588           0
Wed 11-06-2002     25.276     25.276     25.276     25.276           0
Tue 11-05-2002     24.485     24.485     24.485     24.485           0
Mon 11-04-2002     23.071     23.071     23.071     23.071           0
Fri 11-01-2002     22.622     22.622     22.622     22.622           0
Thu 10-31-2002     19.920     19.920     19.920     19.920           0
Wed 10-30-2002     20.081     20.081     20.081     20.081           0
Tue 10-29-2002     18.628     18.628     18.628     18.628           0
Mon 10-28-2002     18.872     18.872     18.872     18.872           0
Fri 10-25-2002     20.033     20.033     20.033     20.033           0
Thu 10-24-2002     18.346     18.346     18.346     18.346           0
Wed 10-23-2002     18.941     18.941     18.941     18.941           0
Tue 10-22-2002     18.002     18.002     18.002     18.002           0
Mon 10-21-2002     19.454     19.454     19.454     19.454           0
Fri 10-18-2002     18.189     18.189     18.189     18.189           0
Thu 10-17-2002     16.927     16.927     16.927     16.927           0
Wed 10-16-2002     15.296     15.296     15.296     15.296           0
Tue 10-15-2002     16.667     16.667     16.667     16.667           0
Mon 10-14-2002     13.289     13.289     13.289     13.289           0
Fri 10-11-2002     12.292     12.292     12.292     12.292           0
Thu 10-10-2002     10.934     10.934     10.934     10.934           0
Wed 10-09-2002     9.9332     9.9332     9.9332     9.9332           0
Tue 10-08-2002     11.177     11.177     11.177     11.177           0
Mon 10-07-2002     10.875     10.875     10.875     10.875           0
Fri 10-04-2002     12.777     12.777     12.777     12.777           0
Thu 10-03-2002     13.374     13.374     13.374     13.374           0
Wed 10-02-2002     14.211     14.211     14.211     14.211           0
Tue 10-01-2002     14.678     14.678     14.678     14.678           0
Mon 09-30-2002     13.043     13.043     13.043     13.043           0
Fri 09-27-2002     13.826     13.826     13.826     13.826           0
Thu 09-26-2002     15.013     15.013     15.013     15.013           0
Wed 09-25-2002     13.676     13.676     13.676     13.676           0
Tue 09-24-2002     11.913     11.913     11.913     11.913           0
Mon 09-23-2002     12.116     12.116     12.116     12.116           0
Fri 09-20-2002     13.911     13.911     13.911     13.911           0
Thu 09-19-2002     12.809     12.809     12.809     12.809           0
Wed 09-18-2002     14.818     14.818     14.818     14.818           0
Tue 09-17-2002     16.296     16.296     16.296     16.296           0
Mon 09-16-2002     16.991     16.991     16.991     16.991           0
Fri 09-13-2002     17.115     17.115     17.115     17.115           0
Thu 09-12-2002     16.637     16.637     16.637     16.637           0
Wed 09-11-2002     17.949     17.949     17.949     17.949           0
Tue 09-10-2002     18.007     18.007     18.007     18.007           0
Mon 09-09-2002     17.163     17.163     17.163     17.163           0
Fri 09-06-2002     16.710     16.710     16.710     16.710           0
Thu 09-05-2002     14.840     14.840     14.840     14.840           0
Wed 09-04-2002     17.012     17.012     17.012     17.012           0
Tue 09-03-2002     15.990     15.990     15.990     15.990           0
Fri 08-30-2002     18.325     18.325     18.325     18.325           0
Thu 08-29-2002     17.962     17.962     17.962     17.962           0
Wed 08-28-2002     16.595     16.595     16.595     16.595           0
Tue 08-27-2002     18.290     18.290     18.290     18.290           0
Mon 08-26-2002     20.251     20.251     20.251     20.251           0
Fri 08-23-2002     18.996     18.996     18.996     18.996           0
Thu 08-22-2002     21.207     21.207     21.207     21.207           0
Wed 08-21-2002     20.050     20.050     20.050     20.050           0
Tue 08-20-2002     19.326     19.326     19.326     19.326           0
Mon 08-19-2002     20.258     20.258     20.258     20.258           0
Fri 08-16-2002     19.228     19.228     19.228     19.228           0
Thu 08-15-2002     18.770     18.770     18.770     18.770           0
Wed 08-14-2002     17.826     17.826     17.826     17.826           0
Tue 08-13-2002     15.139     15.139     15.139     15.139           0
Mon 08-12-2002     17.360     17.360     17.360     17.360           0
Fri 08-09-2002     17.526     17.526     17.526     17.526           0
Thu 08-08-2002     17.181     17.181     17.181     17.181           0
Wed 08-07-2002     16.443     16.443     16.443     16.443           0
Tue 08-06-2002     15.349     15.349     15.349     15.349           0
Mon 08-05-2002     12.948     12.948     12.948     12.948           0
Fri 08-02-2002     14.653     14.653     14.653     14.653           0
Thu 08-01-2002     17.204     17.204     17.204     17.204           0
Wed 07-31-2002     18.380     18.380     18.380     18.380           0
Tue 07-30-2002     19.141     19.141     19.141     19.141           0
Mon 07-29-2002     19.533     19.533     19.533     19.533           0
Fri 07-26-2002     14.620     14.620     14.620     14.620           0
Thu 07-25-2002     14.493     14.493     14.493     14.493           0
Wed 07-24-2002     15.274     15.274     15.274     15.274           0
Tue 07-23-2002     12.119     12.119     12.119     12.119           0
Mon 07-22-2002     14.389     14.389     14.389     14.389           0
Fri 07-19-2002     15.740     15.740     15.740     15.740           0
Thu 07-18-2002     17.834     17.834     17.834     17.834           0
Wed 07-17-2002     20.273     20.273     20.273     20.273           0
Tue 07-16-2002     19.971     19.971     19.971     19.971           0
Mon 07-15-2002     20.086     20.086     20.086     20.086           0
Fri 07-12-2002     21.629     21.629     21.629     21.629           0
Thu 07-11-2002     22.085     22.085     22.085     22.085           0
Wed 07-10-2002     22.406     22.406     22.406     22.406           0
Tue 07-09-2002     24.075     24.075     24.075     24.075           0
Mon 07-08-2002     25.760     25.760     25.760     25.760           0
Fri 07-05-2002     26.782     26.782     26.782     26.782           0
Wed 07-03-2002     24.594     24.594     24.594     24.594           0
Tue 07-02-2002     25.847     25.847     25.847     25.847           0
Mon 07-01-2002     27.454     27.454     27.454     27.454           0
Fri 06-28-2002     30.264     30.264     30.264     30.264           0
Thu 06-27-2002     28.981     28.981     28.981     28.981           0
Wed 06-26-2002     27.204     27.204     27.204     27.204           0
Tue 06-25-2002     27.875     27.875     27.875     27.875           0
Mon 06-24-2002     29.425     29.425     29.425     29.425           0
Fri 06-21-2002     30.023     30.023     30.023     30.023           0
Thu 06-20-2002     30.775     30.775     30.775     30.775           0
Wed 06-19-2002     33.155     33.155     33.155     33.155           0
Tue 06-18-2002     35.285     35.285     35.285     35.285           0
Mon 06-17-2002     34.832     34.832     34.832     34.832           0
Fri 06-14-2002     31.942     31.942     31.942     31.942           0
Thu 06-13-2002     31.715     31.715     31.715     31.715           0
Wed 06-12-2002     32.280     32.280     32.280     32.280           0
Tue 06-11-2002     33.133     33.133     33.133     33.133           0
Mon 06-10-2002     35.245     35.245     35.245     35.245           0
Fri 06-07-2002     34.705     34.705     34.705     34.705           0
Thu 06-06-2002     34.595     34.595     34.595     34.595           0
Wed 06-05-2002     38.099     38.099     38.099     38.099           0
Tue 06-04-2002     37.629     37.629     37.629     37.629           0
Mon 06-03-2002     37.537     37.537     37.537     37.537           0
Fri 05-31-2002     41.453     41.453     41.453     41.453           0
Thu 05-30-2002     41.009     41.009     41.009     41.009           0
Wed 05-29-2002     41.227     41.227     41.227     41.227           0
Tue 05-28-2002     42.177     42.177     42.177     42.177           0
Fri 05-24-2002     43.022     43.022     43.022     43.022           0
Thu 05-23-2002     44.612     44.612     44.612     44.612           0
Wed 05-22-2002     43.612     43.612     43.612     43.612           0
Tue 05-21-2002     44.437     44.437     44.437     44.437           0
Mon 05-20-2002     45.741     45.741     45.741     45.741           0
Fri 05-17-2002     47.143     47.143     47.143     47.143           0
Thu 05-16-2002     46.771     46.771     46.771     46.771           0
Wed 05-15-2002     47.030     47.030     47.030     47.030           0
Tue 05-14-2002     46.525     46.525     46.525     46.525           0
Mon 05-13-2002     42.817     42.817     42.817     42.817           0
Fri 05-10-2002     41.862     41.862     41.862     41.862           0
Thu 05-09-2002     44.091     44.091     44.091     44.091           0
Wed 05-08-2002     45.442     45.442     45.442     45.442           0
Tue 05-07-2002     41.455     41.455     41.455     41.455           0
Mon 05-06-2002     42.736     42.736     42.736     42.736           0
Fri 05-03-2002     43.972     43.972     43.972     43.972           0
Thu 05-02-2002     44.610     44.610     44.610     44.610           0
Wed 05-01-2002     45.946     45.946     45.946     45.946           0
Tue 04-30-2002     45.727     45.727     45.727     45.727           0
Mon 04-29-2002     43.804     43.804     43.804     43.804           0
Fri 04-26-2002     44.213     44.213     44.213     44.213           0
Thu 04-25-2002     46.513     46.513     46.513     46.513           0
Wed 04-24-2002     47.144     47.144     47.144     47.144           0
Tue 04-23-2002     48.371     48.371     48.371     48.371           0
Mon 04-22-2002     49.891     49.891     49.891     49.891           0
Fri 04-19-2002     51.742     51.742     51.742     51.742           0
Thu 04-18-2002     51.847     51.847     51.847     51.847           0
Wed 04-17-2002     51.414     51.414     51.414     51.414           0
Tue 04-16-2002     50.688     50.688     50.688     50.688           0
Mon 04-15-2002     48.373     48.373     48.373     48.373           0
Fri 04-12-2002     47.920     47.920     47.920     47.920           0
Thu 04-11-2002     45.586     45.586     45.586     45.586           0
Wed 04-10-2002     47.678     47.678     47.678     47.678           0
Tue 04-09-2002     47.246     47.246     47.246     47.246           0
Mon 04-08-2002     47.657     47.657     47.657     47.657           0
Fri 04-05-2002     47.240     47.240     47.240     47.240           0
Thu 04-04-2002     47.903     47.903     47.903     47.903           0
Wed 04-03-2002     48.547     48.547     48.547     48.547           0
Tue 04-02-2002     49.787     49.787     49.787     49.787           0
Mon 04-01-2002     51.089     51.089     51.089     51.089           0
Thu 03-28-2002     51.958     51.958     51.958     51.958           0
Wed 03-27-2002     49.965     49.965     49.965     49.965           0
Tue 03-26-2002     49.965     49.965     49.965     49.965           0
Mon 03-25-2002     49.081     49.081     49.081     49.081           0
Fri 03-22-2002     50.141     50.141     50.141     50.141           0
Thu 03-21-2002     50.744     50.744     50.744     50.744           0
Wed 03-20-2002     49.288     49.288     49.288     49.288           0
Tue 03-19-2002     50.642     50.642     50.642     50.642           0
Mon 03-18-2002     50.757     50.757     50.757     50.757           0
Fri 03-15-2002     49.637     49.637     49.637     49.637           0
Thu 03-14-2002     48.680     48.680     48.680     48.680           0
Wed 03-13-2002     48.088     48.088     48.088     48.088           0
Tue 03-12-2002     49.229     49.229     49.229     49.229           0
Mon 03-11-2002     50.111     50.111     50.111     50.111           0
Fri 03-08-2002     49.118     49.118     49.118     49.118           0
Thu 03-07-2002     46.657     46.657     46.657     46.657           0
Wed 03-06-2002     47.208     47.208     47.208     47.208           0
Tue 03-05-2002     44.098     44.098     44.098     44.098           0
Mon 03-04-2002     44.205     44.205     44.205     44.205           0
Fri 03-01-2002     40.416     40.416     40.416     40.416           0
Thu 02-28-2002     37.666     37.666     37.666     37.666           0
Wed 02-27-2002     38.683     38.683     38.683     38.683           0
Tue 02-26-2002     38.303     38.303     38.303     38.303           0
Mon 02-25-2002     37.822     37.822     37.822     37.822           0
Fri 02-22-2002     36.190     36.190     36.190     36.190           0
Thu 02-21-2002     36.052     36.052     36.052     36.052           0
Wed 02-20-2002     38.467     38.467     38.467     38.467           0
Tue 02-19-2002     37.245     37.245     37.245     37.245           0
Fri 02-15-2002     41.764     41.764     41.764     41.764           0
Thu 02-14-2002     43.355     43.355     43.355     43.355           0
Wed 02-13-2002     44.372     44.372     44.372     44.372           0
Tue 02-12-2002     42.836     42.836     42.836     42.836           0
Mon 02-11-2002     41.919     41.919     41.919     41.919           0
Fri 02-08-2002     40.674     40.674     40.674     40.674           0
Thu 02-07-2002     38.566     38.566     38.566     38.566           0
Wed 02-06-2002     39.815     39.815     39.815     39.815           0
Tue 02-05-2002     41.311     41.311     41.311     41.311           0
Mon 02-04-2002     43.568     43.568     43.568     43.568           0
Fri 02-01-2002     46.406     46.406     46.406     46.406           0
Thu 01-31-2002     47.297     47.297     47.297     47.297           0
Wed 01-30-2002     46.657     46.657     46.657     46.657           0
Tue 01-29-2002     46.051     46.051     46.051     46.051           0
Mon 01-28-2002     48.633     48.633     48.633     48.633           0
Fri 01-25-2002     48.752     48.752     48.752     48.752           0
Thu 01-24-2002     48.538     48.538     48.538     48.538           0
Wed 01-23-2002     47.656     47.656     47.656     47.656           0
Tue 01-22-2002     45.392     45.392     45.392     45.392           0
Fri 01-18-2002     47.459     47.459     47.459     47.459           0
Thu 01-17-2002     50.411     50.411     50.411     50.411           0
Wed 01-16-2002     48.749     48.749     48.749     48.749           0
Tue 01-15-2002     52.874     52.874     52.874     52.874           0
Mon 01-14-2002     52.468     52.468     52.468     52.468           0
Fri 01-11-2002     54.828     54.828     54.828     54.828           0
Thu 01-10-2002     56.457     56.457     56.457     56.457           0
Wed 01-09-2002     55.377     55.377     55.377     55.377           0
Tue 01-08-2002     56.250     56.250     56.250     56.250           0
Mon 01-07-2002     55.414     55.414     55.414     55.414           0
Fri 01-04-2002     55.847     55.847     55.847     55.847           0
Thu 01-03-2002     54.946     54.946     54.946     54.946           0
Wed 01-02-2002     50.969     50.969     50.969     50.969           0
Mon 12-31-2001     50.672     50.672     50.672     50.672           0
Fri 12-28-2001     51.550     51.550     51.550     51.550           0
Thu 12-27-2001     51.331     51.331     51.331     51.331           0